,영화명,배급사,개봉일,영화형태,국적,전국스크린수,전국 매출액,전국 관객수,장르,등급,영화구분,감독
6,아바타,주식회사 해리슨앤컴퍼니,2009-12-17,장편,미국,912,128447097523,13624328,SF,12세관람가,독립/예술영화,제임스 카메론
8,도둑들,(주)쇼박스,2012-07-25,장편,한국,1072,93665568500,12983330,액션,15세관람가,일반영화,최동훈
10,암살,(주)쇼박스,2015-07-22,장편,한국,1519,98463132781,12705700,액션,15세관람가,일반영화,최동훈
19,어벤져스: 인피니티 워,월트디즈니컴퍼니코리아 유한책임회사,2018-04-25,장편,미국,2553,99919006769,11211880,액션,12세관람가,일반영화,안소니 루소
23,겨울왕국,소니픽쳐스릴리징월트디즈니스튜디오스코리아(주),2014-01-16,장편,미국,1010,82461504400,10296101,애니메이션,전체관람가,일반영화,제니퍼 리
35,백두산,(주)씨제이이엔엠,2019-12-19,장편,한국,1971,69825366300,8252669,어드벤처,12세관람가,일반영화,김병서
47,써니,(주)씨제이이엔엠,2011-05-04,장편,한국,472,53773170600,7328820,드라마,15세관람가,일반영화,강형철
49,스파이더맨: 홈 커밍,소니픽쳐스엔터테인먼트코리아주식회사극장배급지점,2017-07-05,장편,미국,1965,59120173820,7257973,액션,12세관람가,일반영화,존 왓츠
51,베를린,(주)씨제이이엔엠,2013-01-30,장편,한국,894,52354931637,7166199,액션,15세관람가,일반영화,류승완
52,마스터,(주)씨제이이엔엠,2016-12-21,장편,한국,1501,58067927865,7150541,액션,15세관람가,일반영화,조의석
54,어벤져스,월트디즈니컴퍼니코리아 유한책임회사,2012-04-26,장편,미국,967,59557853478,7074867,액션,12세관람가,일반영화,조스 웨던
58,럭키,(주)쇼박스,2016-10-13,장편,한국,1158,56361435256,6965706,코미디,15세관람가,일반영화,이계벽
67,아저씨,CJ ENM,2010-08-04,장편,한국,478,47870792359,6282774,액션,청소년관람불가,일반영화,이정범
76,캡틴 마블,월트디즈니컴퍼니코리아 유한책임회사,2019-03-06,장편,미국,2100,51491272223,5801069,액션,12세관람가,일반영화,라이언 플렉
79,숨바꼭질,(주)넥스트엔터테인먼트월드(NEW),2013-08-14,장편,한국,779,39593038500,5602543,스릴러,15세관람가,일반영화,허정
84,감시자들,(주)넥스트엔터테인먼트월드(NEW),2013-07-03,장편,한국,949,39298005179,5496547,범죄,15세관람가,일반영화,김병서
85,2012,한국소니픽쳐스릴리징브에나비스타영화㈜,2009-11-12,장편,미국,789,39415166660,5462953,SF,12세관람가,일반영화,롤랜드 에머리히
91,더 킹,(주)넥스트엔터테인먼트월드(NEW),2017-01-18,장편,한국,1310,43486078535,5316325,범죄,15세관람가,일반영화,한재림
96,월드 워 Z,롯데쇼핑㈜롯데엔터테인먼트,2013-06-20,장편,미국,964,38555357000,5237525,드라마,15세관람가,일반영화,마크 포스터
97,타워,(주)씨제이이엔엠,2012-12-25,장편,한국,617,37654858000,5181014,드라마,12세관람가,일반영화,김지훈
99,추격자,(주)쇼박스,2008-02-14,장편,한국,435,33943278500,5071619,범죄,청소년관람불가,일반영화,나홍진
117,주토피아,월트디즈니컴퍼니코리아(주),2016-02-17,장편,미국,661,37077444042,4703245,애니메이션,전체관람가,일반영화,리치 무어
119,신세계,(주)넥스트엔터테인먼트월드(NEW),2013-02-21,장편,한국,671,34881330905,4682492,범죄,청소년관람불가,일반영화,박훈정
137,아가씨,(주)씨제이이엔엠,2016-06-01,장편,한국,1171,35114332791,4277071,스릴러,청소년관람불가,일반영화,박찬욱
144,다크 나이트,주식회사 해리슨앤컴퍼니,2008-08-06,장편,미국,462,27059471306,4087355,범죄,15세관람가,일반영화,크리스토퍼 놀란
164,미이라,유니버설픽쳐스인터내셔널 코리아(유),2017-06-06,장편,미국,1257,30504689978,3689325,액션,15세관람가,일반영화,알렉스 커츠먼
170,인턴,워너브러더스 코리아(주),2015-09-24,장편,미국,496,28518443148,3610642,코미디,12세관람가,일반영화,낸시 마이어스
179,스파이,(주)씨제이이엔엠,2013-09-05,장편,한국,785,24436429305,3423920,액션,15세관람가,일반영화,이승준
183,돈,(주)쇼박스,2019-03-20,장편,한국,1431,28869614062,3389035,범죄,15세관람가,일반영화,박누리
197,마녀,워너브러더스 코리아(주),2018-06-27,장편,한국,1117,27242029463,3189091,미스터리,15세관람가,일반영화,박훈정
204,하모니,CJ ENM,2010-01-28,장편,한국,405,21992266198,3068544,드라마,12세관람가,일반영화,강대규
212,마더,CJ ENM,2009-05-28,장편,한국,648,20195373838,3013523,드라마,청소년관람불가,일반영화,봉준호
217,형,(주)씨제이이엔엠,2016-11-23,장편,한국,993,23129111893,2982022,코미디,12세관람가,일반영화,권수경
218,친구 2,롯데쇼핑㈜롯데엔터테인먼트,2013-11-14,장편,한국,968,21804687513,2971475,액션,청소년관람불가,일반영화,곽경택
221,서치,소니픽쳐스엔터테인먼트코리아주식회사극장배급지점,2018-08-29,장편,미국,816,25283364845,2949944,드라마,12세관람가,일반영화,아니쉬 차간티
224,프리즌,(주)쇼박스,2017-03-23,장편,한국,1047,23790276987,2931897,범죄,청소년관람불가,일반영화,나현
225,솔트,한국소니픽쳐스릴리징브에나비스타영화㈜,2010-07-29,장편,미국,556,21719123025,2921331,스릴러,15세관람가,일반영화,필립 노이스
228,원티드,유니버설픽쳐스인터내셔널 코리아(유),2008-06-26,장편,미국,446,19258777000,2867594,스릴러,청소년관람불가,일반영화,티무르 베크맘베토브
230,표적,(주)씨제이이엔엠,2014-04-30,장편,한국,665,22256359300,2841788,액션,15세관람가,일반영화,창
249,나우 유 씨 미 : 마술사기단,롯데쇼핑㈜롯데엔터테인먼트,2013-08-22,장편,미국,691,19146691869,2718227,범죄,12세관람가,일반영화,루이스 리테리어
254,타이탄,워너브러더스 코리아(주),2010-04-01,장편,미국,694,22143097429,2685508,액션,12세관람가,일반영화,루이스 리테리어
256,소원,롯데쇼핑㈜롯데엔터테인먼트,2013-10-02,장편,한국,641,18251983100,2663170,드라마,12세관람가,일반영화,이준익
272,퍼시픽 림,워너브러더스 코리아(주),2013-07-11,장편,미국,1005,20477392512,2539114,액션,12세관람가,일반영화,길예르모 델 토로
292,테이큰,㈜스튜디오이쩜영,2008-04-09,장편,프랑스,254,15971389000,2379830,범죄,청소년관람불가,일반영화,피에르 모렐
295,블라인드,(주)넥스트엔터테인먼트월드(NEW),2011-08-10,장편,한국,404,18361430500,2362906,스릴러,청소년관람불가,일반영화,안상훈
299,스파이,이십세기폭스코리아(주),2015-05-21,장편,미국,665,18396836358,2315882,액션,15세관람가,일반영화,폴 페이그
302,하녀,(주)싸이더스,2010-05-13,장편,한국,577,17310669976,2304487,스릴러,청소년관람불가,일반영화,임상수
307,나잇&데이,이십세기폭스코리아(주),2010-06-24,장편,미국,501,17054262425,2282191,액션,15세관람가,일반영화,제임스 맨골드
309,컨저링,워너브러더스 코리아(주),2013-09-17,장편,미국,553,16353225777,2262758,공포(호러),15세관람가,일반영화,제임스 완
328,원더 우먼,워너브러더스 코리아(주),2017-05-31,장편,미국,1034,17468588886,2165401,액션,12세관람가,일반영화,팻티 젠킨스
333,마이 웨이,에스케이플래닛(주),2011-12-21,장편,한국,645,15994803000,2142622,전쟁,15세관람가,일반영화,강제규
337,세븐 데이즈,(주)프라임엔터테인먼트,2007-11-14,장편,한국,297,0,2120741,스릴러,청소년관람불가,일반영화,원신연
340,이클립스,(주)넥스트엔터테인먼트월드(NEW),2010-07-07,장편,미국,535,15192541723,2105050,판타지,12세관람가,일반영화,데이빗 슬레이드
349,눈에는 눈 이에는 이,롯데쇼핑㈜롯데엔터테인먼트,2008-07-31,장편,한국,445,13414023500,2058764,범죄,15세관람가,일반영화,곽경택
350,뷰티 인사이드,(주)넥스트엔터테인먼트월드(NEW),2015-08-20,장편,한국,648,16152717131,2053947,판타지,12세관람가,일반영화,백
352,소울,월트디즈니컴퍼니코리아 유한책임회사,2021-01-20,장편,미국,2018,19034164180,2048137,애니메이션,전체관람가,일반영화,피트 닥터
355,노아,(주)씨제이이엔엠,2014-03-20,장편,미국,952,15514083500,2026574,어드벤처,15세관람가,일반영화,대런 아로노프스키
365,루시,유니버설픽쳐스인터내셔널 코리아(유),2014-09-03,장편,미국,641,16439450039,1971837,액션,청소년관람불가,일반영화,뤽 베송
384,아이들...,롯데쇼핑㈜롯데엔터테인먼트,2011-02-17,장편,한국,504,13562608500,1864408,범죄,15세관람가,일반영화,이규만
387,코리아,(주)씨제이이엔엠,2012-05-03,장편,한국,537,13334762500,1857392,드라마,12세관람가,일반영화,문현성
412,씽,유니버설픽쳐스인터내셔널 코리아(유),2016-12-21,장편,미국,795,13257953389,1729426,애니메이션,전체관람가,일반영화,가스 제닝스
430,마다가스카의 펭귄,(주)씨제이이엔엠,2014-12-31,장편,미국,615,12498978959,1661230,애니메이션,전체관람가,일반영화,사이몬 J.스미스
441,무방비도시,CJ ENM,2008-01-10,장편,한국,336,10591349944,1613728,범죄,15세관람가,일반영화,이상기
458,원스어폰어타임,(유)씨에이치엔터테인먼트,2008-01-31,장편,한국,315,10180143111,1562486,액션,12세관람가,일반영화,정용기
467,작전,(주)쇼박스,2009-02-12,장편,한국,393,10198304795,1534407,범죄,15세관람가,일반영화,이호재
477,더 게임,기타,2008-01-30,장편,한국,339,9869346557,1496214,스릴러,15세관람가,일반영화,윤인호
481,어스,유니버설픽쳐스인터내셔널 코리아(유),2019-03-27,장편,미국,1132,12586771104,1475087,공포(호러),15세관람가,일반영화,조던 필
482,차이나타운,CGV아트하우스,2015-04-29,장편,한국,551,11989400678,1472006,범죄,청소년관람불가,일반영화,한준희
492,잃어버린 세계를 찾아서,롯데쇼핑㈜롯데엔터테인먼트,2008-12-17,장편,미국,316,9339002945,1438353,SF,전체관람가,일반영화,에릭 브리빅
495,보이스,(주)씨제이이엔엠,2021-09-15,장편,한국,1296,14025546720,1426357,범죄,15세관람가,일반영화,김곡
499,예스맨,워너브러더스 코리아(주),2008-12-17,장편,미국,244,9346501843,1402609,코미디,15세관람가,일반영화,페이튼 리드
507,폼페이: 최후의 날,롯데쇼핑㈜롯데엔터테인먼트,2014-02-20,장편,미국,561,10303127700,1373873,액션,15세관람가,일반영화,폴 W.S. 앤더슨
510,퓨리,소니픽쳐스릴리징월트디즈니스튜디오스코리아(주),2014-11-20,장편,미국,590,10367640686,1362114,액션,15세관람가,일반영화,데이비드 에이어
512,트와일라잇,판씨네마(주),2008-12-10,장편,미국,343,8796916521,1356180,액션,12세관람가,일반영화,캐서린 하드윅
516,궁합,(주)씨제이이엔엠,2018-02-28,장편,한국,966,10478875438,1340117,코미디,12세관람가,일반영화,홍창표
518,신들의 전쟁,(주)넥스트엔터테인먼트월드(NEW),2011-11-10,장편,미국,525,11726682000,1338411,드라마,청소년관람불가,일반영화,타셈 싱
529,영화는 영화다,㈜스튜디오이쩜영,2008-09-11,장편,한국,326,8943849000,1307688,액션,청소년관람불가,독립/예술영화,장훈
563,생일,(주)넥스트엔터테인먼트월드(NEW),2019-04-03,장편,한국,862,9786575840,1186283,드라마,전체관람가,일반영화,이종언
564,바람 바람 바람,(주)넥스트엔터테인먼트월드(NEW),2018-04-05,장편,한국,985,9702206675,1183959,코미디,청소년관람불가,일반영화,이병헌
589,하루,CGV아트하우스,2017-06-15,장편,한국,781,9068009842,1129018,스릴러,15세관람가,일반영화,조선호
606,가디언즈,(주)씨제이이엔엠,2012-11-29,장편,미국,470,8212243000,1075584,애니메이션,전체관람가,일반영화,피터 램지
616,업,한국소니픽쳐스릴리징브에나비스타영화㈜,2009-07-29,장편,미국,374,7652994608,1047327,애니메이션,전체관람가,일반영화,밥 피터슨
617,시크릿,CJ ENM,2009-12-03,장편,한국,397,7979591607,1046787,스릴러,청소년관람불가,일반영화,윤재구
618,그놈이다,CGV아트하우스,2015-10-28,장편,한국,681,8098811152,1046313,스릴러,15세관람가,일반영화,윤준형
619,동창생,(주)쇼박스,2013-11-06,장편,한국,660,6983395126,1044522,액션,15세관람가,일반영화,박홍수
620,슈퍼 배드,유니버설픽쳐스인터내셔널 코리아(유),2010-09-16,장편,미국,321,9873975412,1043904,애니메이션,전체관람가,일반영화,크리스 리노드
638,맨 인 더 다크,유니버설픽쳐스인터내셔널 코리아(유),2016-10-05,장편,미국,671,8445645672,999047,스릴러,청소년관람불가,일반영화,페드 알바레즈
650,바보,CJ ENM,2008-02-28,장편,한국,263,6301818833,974554,드라마,12세관람가,일반영화,김정권
658,백야행,(주)시네마서비스,2009-11-19,장편,한국,398,7170684217,956767,멜로/로맨스,청소년관람불가,일반영화,박신우
681,크로싱,(주)벤티지홀딩스,2008-06-26,장편,한국,303,5657365667,907255,드라마,12세관람가,일반영화,김태균
692,그것,워너브러더스 코리아(주),2017-09-06,장편,미국,837,7331422607,888386,공포(호러),15세관람가,일반영화,안드레스 무시에티
698,블랙,이언픽쳐스,2009-08-27,장편,기타,248,6254367609,874913,드라마,전체관람가,독립/예술영화,산제이 렐라 반살리
700,스카이 라인,(주)화앤담이엔티,2010-11-24,장편,미국,431,6414538349,873079,액션,12세관람가,일반영화,그렉 스트로즈
714,헝거게임: 모킹제이,롯데쇼핑㈜롯데엔터테인먼트,2014-11-20,장편,미국,630,6400058044,854377,어드벤처,15세관람가,일반영화,프란시스 로렌스
722,마린보이,CJ ENM,2009-02-05,장편,한국,340,5565284169,837059,액션,15세관람가,일반영화,윤종석
725,손님,(주)씨제이이엔엠,2015-07-09,장편,한국,634,6385295880,827918,판타지,15세관람가,일반영화,김광태
740,스피드 레이서,워너브러더스 코리아(주),2008-05-08,장편,미국,339,5219874500,804631,액션,12세관람가,일반영화,라나 워쇼스키
763,볼트,한국소니픽쳐스릴리징브에나비스타영화㈜,2008-12-31,장편,미국,299,4993959268,757337,애니메이션,전체관람가,일반영화,바이론 하워드
772,더 파이브,(주)씨제이이엔엠,2013-11-14,장편,한국,501,5343797000,731212,스릴러,청소년관람불가,일반영화,정연식
776,푸시,롯데쇼핑㈜롯데엔터테인먼트,2009-03-19,장편,미국,258,4817364578,726998,SF,15세관람가,일반영화,폴 맥기건
781,신데렐라,월트디즈니컴퍼니코리아(주),2015-03-19,장편,미국,531,5499767900,716386,멜로/로맨스,전체관람가,일반영화,케네스 브래너
785,고질라,워너브러더스 코리아(주),2014-05-15,장편,미국,610,5972847963,709734,액션,12세관람가,일반영화,가렛 에드워즈
786,마음이2,롯데쇼핑㈜롯데엔터테인먼트,2010-07-21,장편,한국,261,4705692210,707748,드라마,전체관람가,독립/예술영화,이정철
788,스위니 토드 : 어느 잔혹한 이발사 이야기,워너브러더스 코리아(주),2008-01-17,장편,미국,246,4761820000,704058,뮤지컬,청소년관람불가,일반영화,팀 버튼
790,국가대표 2,플러스엠 엔터테인먼트,2016-08-10,장편,한국,562,5424324942,703024,드라마,12세관람가,일반영화,김종현
794,님스 아일랜드,롯데쇼핑㈜롯데엔터테인먼트,2008-07-17,장편,미국,266,4273735000,694728,코미디,전체관람가,일반영화,마크 레빈
810,하늘에서 음식이 내린다면,한국소니픽쳐스릴리징브에나비스타영화㈜,2010-02-11,장편,미국,281,5500218152,665096,애니메이션,전체관람가,일반영화,크리스 밀러
815,실종,(주)시너지하우스 (시너지),2009-03-19,장편,한국,257,4415413589,654587,범죄,청소년관람불가,일반영화,김성홍
824,사냥,롯데쇼핑㈜롯데엔터테인먼트,2016-06-29,장편,한국,696,4912658515,645922,액션,15세관람가,일반영화,이우철
826,리오,이십세기폭스코리아(주),2011-07-27,장편,미국,333,5022007500,645191,애니메이션,전체관람가,일반영화,카를로스 살다나
831,호튼,이십세기폭스코리아(주),2008-04-30,장편,미국,336,3802813334,638598,애니메이션,전체관람가,일반영화,스티브 마티노
840,다찌마와리,(주)쇼박스,2008-08-14,장편,한국,299,4131701167,628508,액션,12세관람가,일반영화,류승완
848,인 타임,이십세기폭스코리아(주),2011-10-27,장편,미국,304,4579554500,616943,SF,12세관람가,일반영화,앤드류 니콜
894,파파,롯데쇼핑㈜롯데엔터테인먼트,2012-02-01,장편,한국,414,3866065500,562156,가족,12세관람가,일반영화,한지승
904,그린치,유니버설픽쳐스인터내셔널 코리아(유),2018-12-19,장편,미국,724,4188466900,552962,애니메이션,전체관람가,일반영화,스콧 모시어
913,트럭,(주)싸이더스,2008-09-25,장편,한국,257,3668218000,540485,범죄,청소년관람불가,일반영화,권형진
924,버닝,CGV아트하우스,2018-05-17,장편,한국,739,4714345098,528153,미스터리,청소년관람불가,일반영화,이창동
929,몬스터,롯데쇼핑㈜롯데엔터테인먼트,2014-03-13,장편,한국,527,4136202515,526282,스릴러,청소년관람불가,일반영화,황인호
932,미스트,영화사청어람(주),2008-01-10,장편,미국,197,3404297000,524572,SF,15세관람가,일반영화,프랭크 다라본트
933,언노운,워너브러더스 코리아(주),2011-02-17,장편,미국,186,3953681000,522794,드라마,15세관람가,일반영화,자움 콜렛 세라
942,피라냐,에스케이텔레콤(주),2010-08-26,장편,미국,306,5756700191,515074,액션,청소년관람불가,일반영화,알렉산더 아야
944,여배우들,(주)쇼박스,2009-12-10,장편,한국,271,3784176467,514052,드라마,12세관람가,독립/예술영화,이재용
957,도라에몽 : 스탠 바이 미,(주)넥스트엔터테인먼트월드(NEW),2015-02-12,장편,일본,432,3681140429,503516,애니메이션,전체관람가,일반영화,야기 류이치
958,어웨이크,(주)프라임엔터테인먼트,2008-03-27,장편,미국,216,3266005333,502807,스릴러,15세관람가,일반영화,조비 해롤드
960,그레이트 월,유니버설픽쳐스인터내셔널 코리아(유),2017-02-15,장편,미국,598,4352841358,501286,판타지,12세관람가,일반영화,장예모
961,나인,(주)시너지하우스 (시너지),2009-12-31,장편,미국,332,3790050942,499838,멜로/로맨스,15세관람가,일반영화,롭 마샬
971,레드,(주)화앤담이엔티,2010-11-03,장편,미국,322,3607106025,489855,액션,15세관람가,일반영화,로베르트 슈벤트케
975,침묵,(주)씨제이이엔엠,2017-11-02,장편,한국,634,3873542364,487897,드라마,15세관람가,일반영화,정지우
990,카운트다운,(주)싸이더스,2011-09-29,장편,한국,341,3630557000,471547,드라마,청소년관람불가,일반영화,허종호
994,리얼,(주)씨제이이엔엠,2017-06-28,장편,한국,970,3357312530,470105,액션,청소년관람불가,일반영화,이사랑
996,페이스메이커,(주)시너지하우스 (시너지),2012-01-18,장편,한국,412,3443753000,467697,드라마,12세관람가,일반영화,김달중
997,글래스,월트디즈니컴퍼니코리아 유한책임회사,2019-01-17,장편,미국,837,4277452982,466475,드라마,15세관람가,일반영화,M. 나이트 샤말란
1007,라이프,소니픽쳐스엔터테인먼트코리아주식회사극장배급지점,2017-04-05,장편,미국,647,3786712210,459421,SF,15세관람가,일반영화,다니엘 에스피노사
1009,세 얼간이,필라멘트픽쳐스,2011-08-18,장편,기타,232,3352570500,458988,코미디,12세관람가,독립/예술영화,라즈쿠마르 히라니
1022,파라노말 액티비티,(주)넥스트엔터테인먼트월드(NEW),2010-01-13,장편,미국,187,3265135449,446510,공포(호러),12세관람가,일반영화,오렌 펠리
1045,오피스,(주)리틀빅픽쳐스,2015-09-03,장편,한국,425,3354086230,428429,스릴러,15세관람가,일반영화,홍원찬
1065,리멤버,(주)에이스메이커무비웍스,2022-10-26,장편,한국,1189,3970165717,412836,드라마,15세관람가,일반영화,이일형
1102,언더 워터,유니버설픽쳐스인터내셔널 코리아(유),2016-07-13,장편,미국,518,3111772391,384789,공포(호러),15세관람가,일반영화,자움 콜렛 세라
1103,크로니클,이십세기폭스코리아(주),2012-03-15,장편,미국,324,2881024000,383862,액션,15세관람가,일반영화,조쉬 트랭크
1109,스토커,이십세기폭스코리아(주),2013-02-28,장편,미국,329,2828301674,378729,드라마,청소년관람불가,일반영화,박찬욱
1117,그레이의 50가지 그림자,유니버설픽쳐스인터내셔널 코리아(유),2015-02-26,장편,미국,512,2918598796,364415,드라마,청소년관람불가,일반영화,샘 테일러-존슨
1118,파라노말 액티비티 2,CJ ENM,2010-10-21,장편,미국,177,2616761211,364251,공포(호러),12세관람가,독립/예술영화,서동욱
1120,에브리씽 에브리웨어 올 앳 원스,워터홀컴퍼니(주),2022-10-12,장편,미국,620,3829624270,360769,액션,15세관람가,독립/예술영화,다니엘 쉐이너트
1122,홈,(주)씨제이이엔엠,2015-05-21,장편,미국,532,2692225691,360556,애니메이션,전체관람가,일반영화,팀 존슨
1131,플립,(주)팝엔터테인먼트,2017-07-12,장편,미국,249,2818791900,354601,드라마,12세관람가,일반영화,롭 라이너
1138,그녀,주식회사 더쿱,2014-05-22,장편,미국,168,2861230000,351091,드라마,청소년관람불가,독립/예술영화,스파이크 존즈
1143,치외법권,판씨네마(주),2015-08-27,장편,한국,446,2664941005,346483,액션,15세관람가,일반영화,신동엽
1162,내 사랑,오드,2017-07-12,장편,기타,233,2442554625,334423,드라마,12세관람가,독립/예술영화,에이슬링 월쉬
1168,에베레스트,유니버설픽쳐스인터내셔널 코리아(유),2015-09-24,장편,미국,331,3055119748,332180,어드벤처,12세관람가,일반영화,발타자르 코루마쿠르
1170,무서운 이야기,롯데쇼핑㈜롯데엔터테인먼트,2012-07-25,옴니버스,한국,274,2452368566,331760,공포(호러),청소년관람불가,일반영화,김곡
1172,킬러스,(주)넥스트엔터테인먼트월드(NEW),2010-09-02,장편,미국,280,2428979292,329086,액션,15세관람가,일반영화,로버트 루게틱
1174,프로포즈,한국소니픽쳐스릴리징브에나비스타영화㈜,2009-09-03,장편,미국,174,2481694139,328767,멜로/로맨스,15세관람가,일반영화,앤 플레쳐
1184,아담스 패밀리,유니버설픽쳐스인터내셔널 코리아(유),2019-11-07,장편,미국,802,2565386140,321726,애니메이션,전체관람가,일반영화,그렉 티어넌
1188,어글리 트루스,한국소니픽쳐스릴리징브에나비스타영화㈜,2009-09-17,장편,미국,185,2471953101,320997,코미디,청소년관람불가,일반영화,로버트 루게틱
1193,빅풋 주니어,(주)이수C&E,2017-08-09,장편,기타,437,2245548900,318737,애니메이션,전체관람가,일반영화,벤 스타센
1199,P.S. 아이 러브 유,(주)쇼박스,2008-01-03,장편,미국,196,2119345000,315863,멜로/로맨스,15세관람가,일반영화,리차드 라그라브네스
1208,CJ7:장강7호,㈜스튜디오이쩜영,2008-08-21,장편,기타,234,1955693500,312576,SF,전체관람가,일반영화,주성치
1240,더 그레이,(주)팝파트너스,2012-02-16,장편,미국,298,2198959500,292217,액션,15세관람가,일반영화,조 카나한
1255,후드,(주)이수C&E,2018-11-28,장편,미국,628,2203434149,284601,어드벤처,12세관람가,일반영화,오토 바서스트
1257,런,(주)올스타엔터테인먼트,2020-11-20,장편,미국,799,2608259370,284141,미스터리,15세관람가,일반영화,아니쉬 차간티
1259,다이노 타임,(주)씨제이이엔엠,2015-04-30,장편,한국,430,2099683100,283300,애니메이션,전체관람가,일반영화,존 카프카
1271,눈의 여왕,(주)넥스트엔터테인먼트월드(NEW),2013-02-07,장편,기타,316,1823299000,274229,애니메이션,전체관람가,일반영화,막심 스베쉬니코브
1272,마지막 선물,(주)쇼박스,2008-02-05,장편,한국,263,1748517833,272890,드라마,15세관람가,일반영화,김영준
1282,헨젤과 그레텔: 마녀 사냥꾼 3D,(주)씨제이이엔엠,2013-02-14,장편,미국,297,2122205602,269510,액션,청소년관람불가,일반영화,토미 위르콜라
1283,상하이,(주)넥스트엔터테인먼트월드(NEW),2011-01-27,장편,미국,217,2039939000,269157,드라마,15세관람가,일반영화,미카엘 하프스트롬
1294,마야,(주)박수엔터테인먼트,2014-09-04,장편,독일,295,1927575700,262289,애니메이션,전체관람가,독립/예술영화,알렉스 스타더만
1297,원더,CGV아트하우스,2017-12-27,장편,미국,183,1988444689,260506,드라마,전체관람가,독립/예술영화,스티븐 크보스키
1315,노크:낯선 자들의 방문,영화사청어람(주),2008-07-02,장편,미국,180,1571432000,248943,공포(호러),15세관람가,일반영화,브라이언 버티노
1325,인터내셔널,한국소니픽쳐스릴리징브에나비스타영화㈜,2009-02-26,장편,미국,199,1617695541,241669,액션,청소년관람불가,일반영화,톰 티크베어
1330,서약,한국소니픽쳐스릴리징브에나비스타영화㈜,2012-03-14,장편,미국,314,1810275500,239483,드라마,15세관람가,일반영화,마이클 수치
1338,레고 무비,워너브러더스 코리아(주),2014-02-06,장편,미국,317,1601300200,236129,애니메이션,전체관람가,일반영화,크리스 밀러
1341,비행기,소니픽쳐스릴리징월트디즈니스튜디오스코리아(주),2013-12-19,장편,미국,408,1671046500,233563,애니메이션,전체관람가,일반영화,클레이 홀
1349,어느날,오퍼스픽쳐스(유),2017-04-05,장편,한국,532,1827370582,232016,멜로/로맨스,15세관람가,일반영화,이윤기
1365,딥,(주)이수C&E,2017-10-03,장편,기타,441,1746940500,226933,애니메이션,전체관람가,독립/예술영화,줄리오 소토 거피드
1376,일라이,(주)쇼박스,2010-04-15,장편,미국,252,1661141088,222927,액션,15세관람가,일반영화,알렌 휴즈
1377,마마,롯데쇼핑㈜롯데엔터테인먼트,2011-06-01,장편,한국,269,1533830500,222731,드라마,12세관람가,일반영화,최익환
1379,시,(주)넥스트엔터테인먼트월드(NEW),2010-05-13,장편,한국,171,1567857053,222017,드라마,15세관람가,독립/예술영화,이창동
1381,노미오와 줄리엣,(주)쇼박스,2011-04-14,장편,영국,291,1937118000,221176,애니메이션,전체관람가,일반영화,캘리 애스버리
1387,언데드,유니버설픽쳐스인터내셔널 코리아(유),2009-02-26,장편,미국,171,1449559974,217924,공포(호러),15세관람가,일반영화,데이빗 S. 고이어
1394,프리즌 이스케이프,(주)이놀미디어,2020-05-06,장편,영국,328,1848297600,217056,어드벤처,12세관람가,독립/예술영화,기타
1396,송 포 유,(주)넥스트엔터테인먼트월드(NEW),2013-04-18,장편,영국,317,1484169000,216852,코미디,12세관람가,일반영화,폴 앤드류 윌리엄스
1397,지구,(주)엠플러스픽쳐스,2008-09-04,장편,영국,181,1351632500,216755,다큐멘터리,전체관람가,독립/예술영화,마크 린필드
1424,코코 샤넬,에스케이텔레콤(주),2009-08-27,장편,프랑스,235,1559386698,210018,드라마,15세관람가,독립/예술영화,앤 폰테인
1427,한나,한국소니픽쳐스릴리징브에나비스타영화㈜,2011-04-14,장편,미국,269,1570759500,208912,액션,15세관람가,일반영화,조 라이트
1428,카오스,(주)싸이더스,2009-03-26,장편,영국,175,1377938904,208094,액션,15세관람가,일반영화,토니 기글리오
1438,원 데이,(주)영화사 그램,2012-12-13,장편,미국,236,1492933500,202805,드라마,15세관람가,독립/예술영화,론 쉐르픽
1442,비스트,(주)넥스트엔터테인먼트월드(NEW),2019-06-26,장편,한국,737,1596148590,202007,범죄,15세관람가,일반영화,이정호
1457,언니,(주)제이앤씨미디어그룹,2019-01-01,장편,한국,530,1746373250,197134,액션,청소년관람불가,일반영화,임경택
1462,미러,이십세기폭스코리아(주),2008-09-18,장편,미국,204,1331646500,193815,공포(호러),청소년관람불가,일반영화,알렉산더 아야
1468,응징자,(주)인벤트스톤,2013-10-30,장편,한국,305,1388412500,192347,액션,청소년관람불가,일반영화,신동엽
1471,보이후드,유니버설픽쳐스인터내셔널 코리아(유),2014-10-23,장편,미국,219,1468359718,190893,드라마,15세관람가,독립/예술영화,리차드 링클레이터
1483,팬,워너브러더스 코리아(주),2015-10-08,장편,미국,428,1422971592,185960,판타지,전체관람가,일반영화,조 라이트
1497,유령작가,(주)싸이더스,2010-06-02,장편,프랑스,189,1336206483,180826,미스터리,15세관람가,독립/예술영화,로만 폴란스키
1502,레전드,(주)이수C&E,2015-12-10,장편,프랑스,449,1439444930,180082,액션,청소년관람불가,일반영화,브라이언 헬겔랜드
1510,유전,(주)팝엔터테인먼트,2018-06-07,장편,미국,422,1560899725,177145,공포(호러),15세관람가,일반영화,아리 애스터
1513,더 로드,에스케이텔레콤(주),2010-01-07,장편,미국,172,1303099693,176152,SF,15세관람가,일반영화,존 힐코트
1518,부활,유니버설픽쳐스인터내셔널 코리아(유),2016-03-17,장편,미국,120,1240599600,175146,드라마,12세관람가,일반영화,케빈 레이놀즈
1520,업사이드 다운,롯데쇼핑㈜롯데엔터테인먼트,2012-11-08,장편,기타,309,1225993645,174879,SF,12세관람가,일반영화,후안 디에고 솔라나스
1528,조이,이십세기폭스코리아(주),2016-03-10,장편,미국,405,1372216200,171577,코미디,12세관람가,일반영화,데이빗 O. 러셀
1542,노리개,(주)인벤트스톤,2013-04-18,장편,한국,278,1229574500,169054,드라마,청소년관람불가,일반영화,최승호
1543,나는 아빠다,롯데쇼핑㈜롯데엔터테인먼트,2011-04-14,장편,한국,300,1246420500,168049,액션,청소년관람불가,일반영화,이세영
1545,비밀애,(주)시너지하우스 (시너지),2010-03-25,장편,한국,275,1227023002,167132,멜로/로맨스,청소년관람불가,일반영화,권지연
1555,무법자,(주)넥스트엔터테인먼트월드(NEW),2010-03-18,장편,한국,192,1241201107,163334,드라마,청소년관람불가,일반영화,김철한
1556,다크아워,이십세기폭스코리아(주),2012-01-05,장편,미국,324,1319649000,162604,SF,12세관람가,일반영화,크리스 고락
1559,빅,(주)이수C&E,2016-07-27,장편,미국,332,1174196720,160860,애니메이션,전체관람가,독립/예술영화,트레버 월
1560,부산,(주)싸이더스,2009-10-15,장편,한국,204,1185994280,160741,액션,청소년관람불가,일반영화,박지원
1563,니코,롯데쇼핑㈜롯데엔터테인먼트,2008-12-24,장편,기타,168,971874013,158693,애니메이션,전체관람가,일반영화,마이클 헤트너
1565,더 자이언트,(주)마인스 엔터테인먼트,2013-02-21,장편,미국,227,996566000,157972,애니메이션,전체관람가,일반영화,프라파스 콜사라논
1567,데스 레이스,유니버설픽쳐스인터내셔널 코리아(유),2008-10-16,장편,미국,151,1044019000,156983,SF,청소년관람불가,일반영화,폴 W.S. 앤더슨
1571,아메리칸 허슬,(주)누리픽쳐스,2014-02-20,장편,미국,245,1195060400,155374,범죄,청소년관람불가,독립/예술영화,데이빗 O. 러셀
1586,히든 카드,이십세기폭스코리아(주),2013-09-26,장편,미국,362,1080423651,151476,범죄,청소년관람불가,일반영화,브래드 퍼맨
1589,스테이트 오브 플레이,기타,2009-04-30,장편,미국,197,998567826,150447,드라마,12세관람가,일반영화,케빈 맥도널드
1599,기프트,(주)성원아이컴,2009-03-26,장편,미국,188,996472520,148138,액션,15세관람가,일반영화,그렉 마크스
1604,크레이지,(주)넥스트엔터테인먼트월드(NEW),2010-04-08,장편,미국,196,1123006998,146377,공포(호러),청소년관람불가,일반영화,브렉 에이즈너
1605,웨딩드레스,(주)싸이더스,2010-01-14,장편,한국,183,1014636235,146148,드라마,전체관람가,일반영화,권형진
1611,헬프,한국소니픽쳐스릴리징브에나비스타영화㈜,2011-11-03,장편,미국,163,1045217500,143738,드라마,전체관람가,일반영화,테이트 테일러
1620,키친,실버스푼,2009-02-05,장편,한국,179,939320372,142336,멜로/로맨스,15세관람가,일반영화,홍지영
1622,굿바이,(주)드림팩트엔터테인먼트,2008-10-30,장편,일본,167,885687097,141719,드라마,12세관람가,독립/예술영화,타키타 요지로
1627,화장,(주)리틀빅픽쳐스,2015-04-09,장편,한국,327,1059405100,140616,드라마,청소년관람불가,독립/예술영화,임권택
1628,크롤,롯데컬처웍스(주)롯데엔터테인먼트,2019-11-27,장편,미국,612,1128159080,140576,액션,15세관람가,일반영화,알렉산더 아야
1632,플로렌스,(주)이수C&E,2016-08-24,장편,영국,382,1079970100,139717,드라마,15세관람가,독립/예술영화,스티븐 프리어스
1635,나이트메어,워너브러더스 코리아(주),2010-05-20,장편,미국,109,1073229640,139140,공포(호러),청소년관람불가,일반영화,사무엘 베이어
1644,50/50,롯데쇼핑㈜롯데엔터테인먼트,2011-11-24,장편,미국,159,1029728500,137205,코미디,15세관람가,독립/예술영화,조나단 레빈
1647,파이터,(주)시너지하우스 (시너지),2011-03-10,장편,미국,263,1033270000,136946,드라마,15세관람가,일반영화,데이빗 O. 러셀
1660,유희왕,에이원엔터테인먼트,2010-01-28,장편,일본,64,95399816,134754,애니메이션,전체관람가,일반영화,츠지 하츠키
1667,죽이고 싶은,롯데쇼핑㈜롯데엔터테인먼트,2010-08-26,장편,한국,145,990122522,133079,스릴러,청소년관람불가,독립/예술영화,김상화
1672,오늘,롯데쇼핑㈜롯데엔터테인먼트,2011-10-27,장편,한국,207,712814000,131896,드라마,15세관람가,일반영화,이정향
1677,두 여자,CJ ENM,2010-11-18,장편,한국,211,981545863,131415,멜로/로맨스,청소년관람불가,일반영화,정윤수
1682,스트리트댄스,(주)시너지하우스 (시너지),2010-06-16,장편,영국,211,1449365627,130153,드라마,12세관람가,일반영화,다니아 파스퀴니
1688,아더와 미니모이-제1탄비밀원정대의출정,롯데쇼핑㈜롯데엔터테인먼트,2009-07-09,장편,프랑스,219,823623531,128531,어드벤처,전체관람가,일반영화,뤽 베송
1690,슈퍼히어로,(주)싸이더스,2008-08-21,장편,미국,181,815185333,128054,SF,12세관람가,일반영화,크레이그 마진
1712,애프터 라이프,(주)시너지하우스 (시너지),2010-09-02,장편,미국,185,900663278,122963,드라마,15세관람가,일반영화,아그네츠카 보토위츠 보슬루
1735,아티스트,(주)영화사 진진,2012-02-16,장편,미국,93,910115100,118836,멜로/로맨스,12세관람가,독립/예술영화,미셀 하자나비시우스
1739,데블,유니버설픽쳐스인터내셔널 코리아(유),2010-11-04,장편,미국,190,868744643,118286,공포(호러),15세관람가,일반영화,존 에릭 도들
1748,내가 숨쉬는 공기,롯데쇼핑㈜롯데엔터테인먼트,2008-04-09,장편,미국,181,772348500,117058,범죄,청소년관람불가,일반영화,지호 리
1750,여교사,필라멘트픽쳐스,2017-01-04,장편,한국,393,947192460,116851,드라마,청소년관람불가,독립/예술영화,김태용
1759,안나,판씨네마(주),2019-08-28,장편,프랑스,431,946058240,114796,액션,15세관람가,일반영화,뤽 베송
1763,로스트 시티,롯데컬처웍스(주)롯데엔터테인먼트,2022-04-20,장편,미국,835,1023084850,113186,액션,12세관람가,일반영화,기타
1764,스트레인지 월드,월트디즈니컴퍼니코리아 유한책임회사,2022-11-23,장편,미국,699,968821831,112910,애니메이션,전체관람가,일반영화,돈 홀
1768,아담스 패밀리 2,유니버설픽쳐스인터내셔널 코리아(유),2021-11-10,장편,미국,750,979210720,111934,애니메이션,전체관람가,일반영화,그렉 티어넌
1774,엽문,(주)제이앤씨미디어그룹,2009-04-16,장편,기타,168,733132023,110805,액션,12세관람가,독립/예술영화,엽위신
1777,바디,㈜케이디미디어,2008-05-29,장편,기타,160,716431000,110686,공포(호러),15세관람가,일반영화,파윈 푸리킷판야
1787,미운 오리 새끼의 모험,(주)드림팩트엔터테인먼트,2008-04-03,장편,프랑스,70,618379000,109094,애니메이션,전체관람가,일반영화,마이클 헤그너
1788,히트,(주)넥스트엔터테인먼트월드(NEW),2011-10-13,장편,한국,171,771023500,109019,드라마,15세관람가,일반영화,이성한
1791,할로윈,유니버설픽쳐스인터내셔널 코리아(유),2018-10-31,장편,미국,536,891158713,108780,공포(호러),청소년관람불가,일반영화,데이빗 고든 그린
1792,21,한국소니픽쳐스릴리징브에나비스타영화㈜,2008-06-19,장편,미국,64,730776100,108648,범죄,15세관람가,일반영화,로버트 루케틱
1803,프리덤,주식회사 마운틴픽쳐스,2015-11-19,장편,미국,117,737817100,106241,드라마,12세관람가,독립/예술영화,피터 쿠센스
1811,신부들의 전쟁,이십세기폭스코리아(주),2009-04-02,장편,미국,207,686671367,105202,코미디,12세관람가,일반영화,게리 위닉
1812,스타워즈 : 클론 전쟁,워너브러더스 코리아(주),2008-09-04,장편,미국,211,646062000,105151,애니메이션,전체관람가,일반영화,데이브 필로니
1818,블러드,(주)싸이더스,2009-06-11,장편,기타,229,701370482,103918,액션,청소년관람불가,일반영화,크리스 나흔
1819,킹 오브 프리즘 (바이 프리티 리듬),(주)박수엔터테인먼트,2016-08-11,장편,일본,53,859771500,103852,애니메이션,12세관람가,일반영화,히시다 마사카즈
1827,공포의 묘지,롯데컬처웍스(주)롯데엔터테인먼트,2019-04-10,장편,미국,564,894409836,102826,공포(호러),15세관람가,일반영화,데니스 위드미어
1835,몬스터 헌터,소니픽쳐스엔터테인먼트코리아주식회사극장배급지점,2021-02-10,장편,미국,668,967419750,101793,액션,12세관람가,일반영화,폴 W.S. 앤더슨
1842,바람,(주)싸이더스,2009-11-26,장편,한국,120,726321610,101197,드라마,청소년관람불가,일반영화,이성한
1843,게이트,(주)제이앤씨미디어그룹,2018-02-28,장편,한국,208,820756100,101173,범죄,15세관람가,일반영화,신재호
1851,타운,워너브러더스 코리아(주),2011-01-27,장편,미국,158,763767000,98866,드라마,청소년관람불가,일반영화,벤 애플렉
1853,라이언,(주)이수C&E,2017-02-01,장편,기타,205,736334100,98660,드라마,12세관람가,독립/예술영화,가스 데이비스
1863,9:나인,에스케이텔레콤(주),2009-09-09,장편,미국,186,704611404,97787,애니메이션,12세관람가,일반영화,쉐인 액커
1885,사일런스,(주)키다리이엔티,2017-02-28,장편,미국,342,700818300,94750,드라마,15세관람가,독립/예술영화,마틴 스코세이지
1903,루이스,(주)스마일이엔티,2018-09-20,장편,독일,325,729147750,93000,애니메이션,전체관람가,독립/예술영화,울프강 라우엔슈타인
1909,크리미널,(주)영화사 빅,2016-06-22,장편,영국,351,738985181,92358,액션,15세관람가,독립/예술영화,아리엘 브로멘
1914,마마,유니버설픽쳐스인터내셔널 코리아(유),2013-01-23,장편,미국,164,662161500,91143,공포(호러),15세관람가,일반영화,안드레스 무시에티
1917,둠스데이:지구 최후의 날,영화사청어람(주),2008-06-19,장편,미국,203,598350500,90666,SF,청소년관람불가,일반영화,닐 마샬
1921,더 보이,소니픽쳐스엔터테인먼트코리아주식회사극장배급지점,2019-05-23,장편,미국,509,776591970,89429,공포(호러),15세관람가,일반영화,데이빗 야로베스키
1923,슈퍼미니,판씨네마(주),2014-04-10,장편,프랑스,303,640234500,89328,애니메이션,전체관람가,일반영화,토마스 자보
1927,더 콜,(주)넥스트엔터테인먼트월드(NEW),2013-06-20,장편,미국,241,626952634,88953,스릴러,청소년관람불가,일반영화,브래드 앤더슨
1930,살인자,(주)영화사 빅,2014-01-15,장편,한국,207,656849000,88199,스릴러,청소년관람불가,독립/예술영화,이기욱
1947,숀더쉽,(주)박수엔터테인먼트,2015-08-13,장편,영국,263,592435000,85568,애니메이션,전체관람가,독립/예술영화,리처드 스타잭
1948,디 아이,(주)쇼박스,2008-06-05,장편,미국,108,542600500,85559,공포(호러),15세관람가,일반영화,데이빗 모로
1951,유스,그린나래미디어(주),2016-01-07,장편,기타,65,661767600,85166,드라마,15세관람가,독립/예술영화,파올로 소렌티노
1957,뉴욕 아이 러브 유,㈜케이디미디어,2009-10-22,장편,미국,95,647982325,83600,코미디,15세관람가,일반영화,강문
1959,스위치,씨너스엔터테인먼트(주),2010-12-01,장편,미국,163,564596900,83346,멜로/로맨스,15세관람가,일반영화,윌 스펙
1960,와일드,이십세기폭스코리아(주),2015-01-22,장편,미국,58,665271800,83334,드라마,청소년관람불가,독립/예술영화,장 마크 발레
1967,라르고 윈치,(주)프라임엔터테인먼트,2009-08-20,장편,프랑스,163,628575878,82610,어드벤처,청소년관람불가,일반영화,제롬 샬레
1979,원 챈스,(주)라이크콘텐츠,2014-03-13,장편,영국,329,593174100,80977,코미디,12세관람가,독립/예술영화,데이빗 프랭클
1990,소리꾼,(주)리틀빅픽쳐스,2020-07-01,장편,한국,573,642120680,79215,사극,12세관람가,일반영화,조정래
2001,세인트 빈센트,(주)영화사 빅,2015-03-05,장편,미국,308,604885528,78336,코미디,12세관람가,독립/예술영화,데오도르 멜피
2002,룸,(주)팝엔터테인먼트,2016-03-03,장편,기타,333,621606700,78253,드라마,15세관람가,독립/예술영화,레니 에이브러햄슨
2004,엑스 마키나,유니버설픽쳐스인터내셔널 코리아(유),2015-01-21,장편,미국,207,629716963,78049,SF,청소년관람불가,일반영화,알렉스 가랜드
2008,알이씨(Rec),유니버설픽쳐스인터내셔널 코리아(유),2008-07-10,장편,기타,97,524571500,77533,공포(호러),청소년관람불가,일반영화,파코 플라자
2010,아더 우먼,이십세기폭스코리아(주),2014-11-13,장편,미국,331,580257218,77341,코미디,15세관람가,일반영화,닉 카사베츠
2013,참을 수 없는,(주)시너지하우스 (시너지),2010-10-21,장편,한국,220,575770952,76965,멜로/로맨스,청소년관람불가,독립/예술영화,권칠인
2017,엽기적인 그녀 2,(주)리틀빅픽쳐스,2016-05-12,장편,한국,387,588233900,76321,멜로/로맨스,15세관람가,일반영화,조근식
2021,오두막,판씨네마(주),2017-04-20,장편,미국,396,581005200,75657,드라마,12세관람가,독립/예술영화,스튜어트 하젤딘
2029,외톨이,(주)성원아이컴,2008-09-18,장편,한국,199,474493500,74282,공포(호러),15세관람가,일반영화,박재식
2034,베니싱,(주)넥스트엔터테인먼트월드(NEW),2011-03-31,장편,미국,181,542044000,73582,미스터리,12세관람가,일반영화,브래드 앤더슨
2035,위자,유니버설픽쳐스인터내셔널 코리아(유),2015-04-16,장편,미국,337,570154035,73549,미스터리,15세관람가,일반영화,스틸즈 화이트
2038,카운트다운,(주)제이앤씨미디어그룹,2019-12-12,장편,미국,238,611133000,73412,공포(호러),15세관람가,일반영화,기타
2040,더 클럽,(주)시너지하우스 (시너지),2008-10-02,장편,미국,137,490754500,73126,멜로/로맨스,청소년관람불가,일반영화,마르셀 랭겐거
2046,로망,(주)메리크리스마스,2019-04-03,장편,한국,405,527390400,72761,멜로/로맨스,전체관람가,독립/예술영화,이창근
2048,집결호,(주)시네마서비스,2008-03-06,장편,중국,160,466837500,72582,액션,12세관람가,일반영화,펑샤오강
2053,화이트 고릴라,(주)마인스 엔터테인먼트,2013-10-31,장편,기타,182,464078500,71796,애니메이션,전체관람가,일반영화,안드레스 G. 슈에
2054,청원,이언픽쳐스,2011-11-02,장편,기타,181,511705000,71506,드라마,12세관람가,독립/예술영화,산제이 렐라 반살리
2057,더 서클,(주)키다리이엔티,2017-06-22,장편,미국,169,578129700,71362,드라마,12세관람가,독립/예술영화,제임스 폰솔트
2058,정글히어로,(주)씨제이이엔엠,2014-10-02,장편,한국,287,506194300,71330,애니메이션,전체관람가,일반영화,마우리시오 드 라 오르타
2059,트랩,아이비젼엔터테인먼트(주),2009-01-29,장편,미국,162,490065432,71294,범죄,청소년관람불가,일반영화,유위강
2065,썸머 솔스티스,㈜케이디미디어,2008-08-28,장편,미국,131,460975000,70109,공포(호러),15세관람가,일반영화,다니엘 미릭
2073,어카운턴트,워너브러더스 코리아(주),2016-10-13,장편,미국,375,548544928,69529,액션,15세관람가,일반영화,게빈 오코너
2074,브라더스,(주)성원아이컴,2010-05-05,장편,미국,140,513691735,69470,드라마,15세관람가,독립/예술영화,짐 쉐리단
2075,번개맨,(주)키다리이엔티,2016-02-11,장편,한국,393,516736500,69303,판타지,전체관람가,일반영화,조근현
2078,주노,(주)미로비젼,2008-02-21,장편,미국,168,436273333,69011,드라마,12세관람가,독립/예술영화,제이슨 라이트맨
2079,이퀄스,(주)키다리이엔티,2016-08-31,장편,미국,357,519932300,68897,드라마,15세관람가,일반영화,드레이크 도리머스
2080,스티브 잡스,유니버설픽쳐스인터내셔널 코리아(유),2016-01-21,장편,미국,384,535351276,68815,드라마,12세관람가,일반영화,대니 보일
2083,동키호테,(주)팝엔터테인먼트,2008-09-25,장편,기타,72,400440500,68569,애니메이션,전체관람가,일반영화,호셉 포조
2085,닥터,(주)마인스 엔터테인먼트,2013-06-20,장편,한국,163,495574500,68312,스릴러,청소년관람불가,일반영화,김성홍
2086,리미트,TCO(주)더콘텐츠온,2022-08-31,장편,한국,687,636265902,67971,범죄,15세관람가,일반영화,이승준
2088,당신이 잠든 사이에,(주)엠플러스픽쳐스,2008-08-14,장편,한국,164,448114500,67626,코미디,15세관람가,일반영화,김정민
2089,올 더 머니,판씨네마(주),2018-02-01,장편,미국,260,547011500,67602,범죄,15세관람가,독립/예술영화,리들리 스콧
2090,여곡성,(주)스마일이엔티,2018-11-08,장편,한국,212,594373400,67368,공포(호러),15세관람가,일반영화,유영선
2094,주문진,롯데쇼핑㈜롯데엔터테인먼트,2010-01-21,장편,한국,93,378219576,67167,드라마,12세관람가,일반영화,하명중
2097,올레,(주)대명문화공장,2016-08-25,장편,한국,338,522938900,66883,드라마,15세관람가,일반영화,채두병
2098,더 바디,(주)싸이더스,2014-05-22,장편,기타,161,501242100,66733,스릴러,15세관람가,독립/예술영화,오리올 파울로
2099,라스트 스탠드,(주)씨제이이엔엠,2013-02-21,장편,미국,300,492135000,66698,액션,청소년관람불가,일반영화,김지운
2102,선생님의 일기,(주)드림팩트엔터테인먼트,2016-11-02,장편,기타,163,461082900,66319,멜로/로맨스,12세관람가,독립/예술영화,니티왓 다라톤
2103,골든 슬럼버,CJ ENM,2010-08-26,장편,일본,139,483993392,66224,스릴러,12세관람가,일반영화,나카무라 요시히로
2104,천녀유혼,씨너스엔터테인먼트(주),2011-05-12,장편,중국,240,497089500,66219,SF,12세관람가,일반영화,엽위신
2105,레지던트,(주)쇼박스,2011-06-02,장편,영국,200,518700000,66216,스릴러,청소년관람불가,일반영화,안티 조키넨
2106,다크 플레이스,(주)스톰픽쳐스코리아,2015-07-15,장편,미국,268,530282654,66075,드라마,청소년관람불가,일반영화,질스 파겟-브레너
2107,패트리어트 데이,(주)이수C&E,2017-04-06,장편,미국,375,521471618,66074,드라마,15세관람가,일반영화,피터 버그
2109,더 플랫폼,(주)홈초이스,2020-05-13,장편,기타,228,603715000,65938,SF,청소년관람불가,독립/예술영화,기타
2112,여대생 기숙사,CJ ENM,2010-06-23,장편,미국,143,499069256,65570,공포(호러),청소년관람불가,일반영화,스튜어트 헨들러
2113,블리츠,팝엔터테인먼트,2011-12-07,장편,영국,123,497782500,65493,스릴러,청소년관람불가,일반영화,엘리어트 레스터
2114,더 크리스마스,소니픽쳐스엔터테인먼트코리아주식회사극장배급지점,2017-12-21,장편,미국,158,486356000,65460,애니메이션,전체관람가,일반영화,티모시 렉카트
2115,돌이킬 수 없는,㈜케이디미디어,2010-11-04,장편,한국,205,472974485,65414,미스터리,15세관람가,일반영화,박수영
2116,"사랑한다, 사랑하지 않는다",(주)넥스트엔터테인먼트월드(NEW),2011-03-03,장편,한국,80,498314500,65282,멜로/로맨스,15세관람가,일반영화,이윤기
2117,패터슨,그린나래미디어(주),2017-12-21,장편,프랑스,62,537321900,65147,드라마,12세관람가,독립/예술영화,짐 자무쉬
2118,데몰리션,(주)리틀빅픽쳐스,2016-07-13,장편,미국,198,533506821,65145,드라마,청소년관람불가,독립/예술영화,장 마크 발레
2120,베리드,(주)화앤담이엔티,2010-12-08,장편,기타,117,470090587,64449,드라마,15세관람가,독립/예술영화,로드리고 코르테스
2121,레오나르도 다 빈치,(주)스마일이엔티,2018-04-26,장편,기타,150,509942200,64405,애니메이션,전체관람가,독립/예술영화,세르지오 맨피오
2122,사랑보다 황금,워너브러더스 코리아(주),2008-02-28,장편,미국,129,403351000,64310,멜로/로맨스,12세관람가,일반영화,앤디 테넌트
2127,몬스터 하우스,(주)박수엔터테인먼트,2019-10-03,장편,기타,202,506405000,63784,애니메이션,전체관람가,일반영화,피터 레페니오티스
2129,아메리칸,(주)화천공사,2010-12-29,장편,미국,117,492424010,63329,범죄,청소년관람불가,독립/예술영화,안톤 코르빈
2132,대무가,판씨네마(주),2022-10-12,장편,한국,587,567401256,62999,드라마,15세관람가,독립/예술영화,이한종
2133,경주,(주)인벤트스톤,2014-06-12,장편,한국,318,468260500,62754,드라마,15세관람가,독립/예술영화,장률
2137,언피니시드,유니버설픽쳐스인터내셔널 코리아(유),2011-10-06,장편,미국,159,455595500,62383,드라마,15세관람가,일반영화,존 매든
2142,위아영,(주)브리즈픽처스,2015-05-14,장편,미국,235,495343360,62016,코미디,15세관람가,독립/예술영화,노아 바움백
2145,뉴 뮤턴트,월트디즈니컴퍼니코리아 유한책임회사,2020-09-10,장편,미국,817,546115880,61897,액션,15세관람가,일반영화,조쉬 분
2147,닥터 슬립,워너브러더스 코리아(주),2019-11-07,장편,미국,484,537986260,61784,스릴러,15세관람가,일반영화,마이크 플래너건
2151,에반게리온: Q,㈜T-JOY,2013-04-25,장편,일본,59,435800211,61423,애니메이션,15세관람가,일반영화,안노 히데아키
2152,헤드,(주)에스비에스콘텐츠허브,2011-05-26,장편,한국,196,462025000,61414,액션,청소년관람불가,일반영화,조운
2160,극장판 바이올렛 에버가든,(주)라이크콘텐츠,2020-11-12,장편,일본,131,521563250,60762,애니메이션,전체관람가,독립/예술영화,이시다테 타이치
2162,휴고,(주)씨제이이엔엠,2012-02-29,장편,미국,85,637621000,60520,가족,전체관람가,일반영화,마틴 스코세이지
2164,바운티 헌터,한국소니픽쳐스릴리징브에나비스타영화㈜,2010-04-15,장편,미국,123,459904690,60376,멜로/로맨스,15세관람가,일반영화,앤디 테넌트
2166,두 남자,(주)키다리이엔티,2016-11-30,장편,한국,397,459566121,60365,범죄,청소년관람불가,일반영화,이성태
2167,사탄의 인형,(주)이수C&E,2019-06-20,장편,미국,465,558760590,60340,공포(호러),청소년관람불가,일반영화,라스 클리브버그
2172,티켓 투 파라다이스,유니버설픽쳐스인터내셔널 코리아(유),2022-10-12,장편,미국,581,572962108,60001,멜로/로맨스,12세관람가,일반영화,올 파커
2176,더 레슬러,(주)넥스트엔터테인먼트월드(NEW),2009-03-05,장편,미국,145,407039802,59662,드라마,청소년관람불가,일반영화,대런 아로노프스키
2181,고 녀석 맛나겠다,(주)화앤담이엔티,2011-07-07,장편,일본,124,407827500,59374,애니메이션,전체관람가,일반영화,후지모리 마사야
2185,트럼보,그린나래미디어(주),2016-04-07,장편,미국,310,462652100,58784,드라마,15세관람가,독립/예술영화,제이 로치
2186,파더 앤 도터,(주)박수엔터테인먼트,2015-12-10,장편,미국,352,447097100,58704,드라마,15세관람가,일반영화,가브리엘 무치노
2187,소공녀,CGV아트하우스,2018-03-22,장편,한국,284,469303200,58653,멜로/로맨스,15세관람가,독립/예술영화,전고운
2188,애프터,판씨네마(주),2019-08-22,장편,미국,235,493655240,58645,드라마,15세관람가,독립/예술영화,제니 게이지
2191,순종,(재)CBS,2016-11-17,장편,한국,104,414028200,58027,다큐멘터리,전체관람가,독립/예술영화,김동민
2193,더 랍스터,(주)팝엔터테인먼트,2015-10-29,장편,영국,75,476877300,57721,판타지,청소년관람불가,독립/예술영화,요르고스 란티모스
2195,웃는 남자,씨너스엔터테인먼트(주),2013-03-28,장편,프랑스,170,403906500,57652,미스터리,15세관람가,독립/예술영화,장 피에르 아메리스
2196,사과,영화사청어람(주),2008-10-16,장편,한국,111,379387469,57525,드라마,15세관람가,독립/예술영화,강이관
2198,킬러들의 도시,(주)시너지하우스 (시너지),2009-03-05,장편,영국,85,394632089,57387,범죄,청소년관람불가,일반영화,마틴 맥도나
2200,듀 데이트,워너브러더스 코리아(주),2010-11-24,장편,미국,148,440189148,57308,코미디,청소년관람불가,독립/예술영화,토드 필립스
2202,마미,(주)엣나인필름,2014-12-18,장편,기타,84,454117600,57247,드라마,15세관람가,독립/예술영화,자비에 돌란
2205,다이애나,(주)영화사 빅,2014-03-06,장편,영국,279,402756100,56872,드라마,15세관람가,일반영화,올리버 히르비겔
2207,더 룸,(주)퍼스트런,2019-09-25,장편,프랑스,163,461964100,56787,미스터리,15세관람가,독립/예술영화,크리스티앙 볼크만
2209,드래곤 블레이드,롯데쇼핑㈜롯데엔터테인먼트,2015-03-12,장편,중국,264,427722800,56547,액션,15세관람가,독립/예술영화,이인항
2213,헌터 킬러,(주)키다리이엔티,2018-12-06,장편,미국,226,462748450,56350,액션,15세관람가,일반영화,도노반 마시
2214,마이 스파이,(주)이수C&E,2020-04-29,장편,미국,240,482594500,56282,액션,12세관람가,일반영화,피터 시걸
2215,우리집,롯데컬처웍스(주)롯데엔터테인먼트,2019-08-22,장편,한국,147,444391340,56087,드라마,전체관람가,독립/예술영화,윤가은
2217,더 보이,(주)리틀빅픽쳐스,2016-06-01,장편,미국,186,441611821,55875,공포(호러),15세관람가,독립/예술영화,윌리엄 브렌트 벨
2224,그물,(주)넥스트엔터테인먼트월드(NEW),2016-10-06,장편,한국,381,416593300,55342,드라마,15세관람가,독립/예술영화,김기덕
2225,드레스메이커,(주)리틀빅픽쳐스,2016-02-11,장편,기타,176,440059500,55330,드라마,15세관람가,독립/예술영화,조셀린 무어하우스
2228,위시 어폰,(주)이수C&E,2017-07-20,장편,미국,279,434148000,55110,공포(호러),15세관람가,일반영화,존 R. 레오네티
2229,대지진,필라멘트픽쳐스,2010-11-04,장편,중국,90,379043639,55000,드라마,전체관람가,일반영화,펑샤오강
2232,최면,(주)스마일이엔티,2021-03-24,장편,한국,506,501754120,54927,공포(호러),15세관람가,독립/예술영화,최재훈
2234,헤이와이어,씨너스엔터테인먼트(주),2012-07-05,장편,미국,200,384196324,54511,액션,15세관람가,일반영화,스티븐 소더버그
2237,왓칭,(주)리틀빅픽쳐스,2019-04-17,장편,한국,488,456558262,54410,공포(호러),15세관람가,일반영화,김성기
2238,살인소설,씨너스엔터테인먼트(주),2012-11-15,장편,미국,186,394724176,54239,미스터리,청소년관람불가,일반영화,스콧 데릭슨
2239,사일런스,(주)이수C&E,2019-07-17,장편,미국,456,463969062,54158,공포(호러),15세관람가,일반영화,존 R. 레오네티
2241,산상수훈,이언픽쳐스,2017-12-07,장편,한국,71,408105790,54004,드라마,전체관람가,독립/예술영화,유영의
2246,개구리왕국,예지림엔터테인먼트,2015-11-12,장편,중국,227,362895100,53576,애니메이션,전체관람가,일반영화,넬슨 신
2247,베스트 엑조틱 메리골드 호텔,이십세기폭스코리아(주),2012-07-12,장편,영국,149,379972500,53555,코미디,15세관람가,독립/예술영화,존 매든
2248,인 디 에어,CJ ENM,2010-03-11,장편,미국,53,412946426,53423,드라마,15세관람가,일반영화,제이슨 라이트맨
2251,디센던트,이십세기폭스코리아(주),2012-02-16,장편,미국,114,407991800,53103,코미디,15세관람가,독립/예술영화,알렉산더 페인
2253,블랙 가스펠,(주)넥스트엔터테인먼트월드(NEW),2013-11-14,장편,한국,143,364990500,52852,드라마,전체관람가,독립/예술영화,히즈엠티 선교회
2255,워,롯데쇼핑㈜롯데엔터테인먼트,2008-02-28,장편,미국,137,342294500,52787,스릴러,청소년관람불가,일반영화,필립 G. 애트웰
2259,머니백,(주)리틀빅픽쳐스,2018-04-12,장편,한국,472,411511600,52618,액션,15세관람가,일반영화,허준형
2260,폭풍전야,(주)성원아이컴,2010-04-01,장편,한국,134,393501207,52597,드라마,청소년관람불가,일반영화,조창호
2261,프랭크,(주)영화사 진진,2014-09-25,장편,영국,208,410015145,52488,코미디,15세관람가,독립/예술영화,레니 에이브러햄슨
2262,호프 스프링즈,(주)시너지하우스 (시너지),2013-04-04,장편,미국,179,368939500,52426,멜로/로맨스,청소년관람불가,일반영화,데이빗 프랭클
2263,캔디맨,유니버설픽쳐스인터내셔널 코리아(유),2021-09-22,장편,미국,608,509775750,52340,미스터리,15세관람가,일반영화,니아 다코스타
2264,더 비지트,유니버설픽쳐스인터내셔널 코리아(유),2015-10-15,장편,미국,279,403435581,52197,스릴러,15세관람가,일반영화,M. 나이트 샤말란
2266,너의 췌장을 먹고 싶어,(주)넥스트엔터테인먼트월드(NEW),2018-11-15,장편,일본,319,408562605,52161,애니메이션,12세관람가,독립/예술영화,우시지마 신이치로
2268,꼬마영웅 경찰차 프로디,예지림엔터테인먼트,2013-04-11,장편,기타,229,343590000,52154,애니메이션,전체관람가,독립/예술영화,라스무스 A. 실버르센
2269,포인트 블랭크,KT&G 상상마당 영화사업팀 컴퍼니에스에스(주),2011-07-13,장편,프랑스,153,397470300,52094,스릴러,청소년관람불가,독립/예술영화,프레드 카바예
2273,매혹당한 사람들,유니버설픽쳐스인터내셔널 코리아(유),2017-09-06,장편,미국,395,393548500,51867,스릴러,15세관람가,독립/예술영화,소피아 코폴라
2275,프리키 데스데이,유니버설픽쳐스인터내셔널 코리아(유),2020-11-25,장편,미국,631,451260690,51816,코미디,청소년관람불가,일반영화,크리스토퍼 랜던
2277,스트레스를 부르는 그 이름 직장상사,워너브러더스 코리아(주),2011-11-17,장편,미국,117,404070500,51646,코미디,청소년관람불가,일반영화,세스 고든
2278,오싱,(주)팝엔터테인먼트,2013-12-05,장편,일본,233,334512500,51637,드라마,전체관람가,독립/예술영화,토가시 신
2279,킬러 인사이드 미,(주)프라임엔터테인먼트,2010-07-07,장편,미국,121,391822268,51555,범죄,청소년관람불가,독립/예술영화,마이클 윈터바텀
2281,아웃포스트,(주)제이앤씨미디어그룹,2020-09-23,장편,미국,454,428533870,51381,전쟁,15세관람가,일반영화,로드 루리
2282,언어의 정원,(주)미디어캐슬,2013-08-14,장편,일본,64,384597200,51337,애니메이션,12세관람가,독립/예술영화,신카이 마코토
2283,킬 미,(주)싸이더스,2009-11-05,장편,한국,172,390480657,51304,멜로/로맨스,청소년관람불가,일반영화,양종현
2285,트리 오브 라이프,(주)에스비에스콘텐츠허브,2011-10-27,장편,미국,125,369070500,51228,드라마,15세관람가,독립/예술영화,테렌스 맬릭
2288,콜레트,(주)넥스트엔터테인먼트월드(NEW),2019-03-27,장편,영국,169,409004989,51149,드라마,15세관람가,독립/예술영화,워시 웨스트모어랜드
2291,더 씽,(주)싸이더스,2012-06-14,장편,미국,174,367519589,50839,공포(호러),15세관람가,일반영화,매티스 반 헤이닌겐 주니어
2297,비밀,CGV아트하우스,2015-10-15,장편,한국,305,369339300,50196,미스터리,15세관람가,일반영화,박은경
2298,인시디어스,(주)쇼박스,2012-09-13,장편,미국,178,357783500,50163,공포(호러),15세관람가,일반영화,제임스 완
2300,언더더씨,(주)팝엔터테인먼트,2017-06-22,장편,미국,163,382413600,49958,애니메이션,전체관람가,일반영화,에반 트라멜
2301,레드라이트,(주)씨제이이엔엠,2012-08-23,장편,기타,197,355743500,49925,미스터리,15세관람가,일반영화,로드리고 코르테스
2303,마음이 외치고 싶어해,주식회사 온 피크,2016-03-30,장편,일본,122,405746600,49813,애니메이션,12세관람가,독립/예술영화,나가이 타츠유키
2305,살인소설,(주)스톰픽쳐스코리아,2018-04-25,장편,한국,434,392591200,49682,스릴러,15세관람가,독립/예술영화,김진묵
2314,더 킥,(주)쇼박스,2011-11-03,장편,한국,153,331287500,48396,액션,12세관람가,일반영화,이종석
2317,데자뷰,(주)키다리이엔티,2018-05-30,장편,한국,536,360833100,48279,미스터리,15세관람가,일반영화,고경민
2319,우리들,(주)엣나인필름,2016-06-16,장편,한국,76,358799960,48223,드라마,전체관람가,독립/예술영화,윤가은
2325,잘못된 만남,토이 엔터테인먼트,2008-07-10,장편,한국,132,308898000,47557,드라마,15세관람가,일반영화,정영배
2326,온리 더 브레이브,㈜코리아스크린,2018-03-07,장편,미국,301,373727300,47540,드라마,12세관람가,일반영화,조셉 코신스키
2330,작은 연못,기타,2010-04-15,장편,한국,80,317197695,47160,드라마,15세관람가,독립/예술영화,이상우
2331,뜨거운 안녕,(주)나이너스엔터테인먼트,2013-05-30,장편,한국,172,315291000,47105,드라마,12세관람가,일반영화,남택수
2334,에코,(주)프라임엔터테인먼트,2009-05-28,장편,미국,139,302933039,46884,드라마,15세관람가,일반영화,얌 라라나스
2338,이스케이프,(주)넥스트엔터테인먼트월드(NEW),2015-11-05,장편,미국,264,356672000,46781,액션,15세관람가,일반영화,존 에릭 도들
2346,마더!,롯데쇼핑㈜롯데엔터테인먼트,2017-10-19,장편,미국,398,366642382,46469,드라마,청소년관람불가,일반영화,대런 아로노프스키
2347,심야식당 2,(주)디스테이션,2017-06-08,장편,일본,235,364773900,46468,드라마,12세관람가,독립/예술영화,마츠오카 조지
2358,더 파더,판씨네마(주),2021-04-07,장편,영국,348,384940000,45900,드라마,12세관람가,독립/예술영화,플로리안 젤러
2359,된장,CJ ENM,2010-10-21,장편,한국,112,339506355,45896,미스터리,12세관람가,일반영화,이서군
2360,퍼펙트 센스,(주)아이엠비씨,2011-11-24,장편,영국,124,343990100,45865,멜로/로맨스,15세관람가,독립/예술영화,데이빗 맥킨지
2361,히어애프터,워너브러더스 코리아(주),2011-03-24,장편,미국,112,336316000,45755,드라마,12세관람가,일반영화,클린트 이스트우드
2363,설계,(주)팝엔터테인먼트,2014-09-18,장편,한국,257,347188800,45638,스릴러,청소년관람불가,일반영화,박창진
2365,미운오리새끼,롯데쇼핑㈜롯데엔터테인먼트,2012-08-30,장편,한국,167,308009500,45454,드라마,15세관람가,일반영화,곽경택
2367,스페어,(주)필름더데이즈,2008-08-28,장편,한국,62,299701000,45290,액션,15세관람가,일반영화,이성한
2371,한 번 더 해피엔딩,(주)팝엔터테인먼트,2015-04-08,장편,미국,231,348096551,45166,멜로/로맨스,15세관람가,독립/예술영화,마크 로렌스
2377,킹메이커,(주)시너지하우스 (시너지),2012-04-19,장편,미국,95,340466000,44689,드라마,15세관람가,일반영화,조지 클루니
2378,호두까기인형 3D,(주)나이너스엔터테인먼트,2013-01-03,장편,미국,132,298444000,44677,가족,전체관람가,일반영화,안드레이 콘찰로프스키
2379,저스티스,(주)쇼박스,2012-03-15,장편,미국,142,329594500,44546,액션,청소년관람불가,일반영화,로저 도널드슨
2383,플로이,(주)스마일이엔티,2018-08-15,장편,기타,242,329325300,44141,애니메이션,전체관람가,독립/예술영화,아르니 올라푸르 아스게이르손
2385,허슬러,(주)제이앤씨미디어그룹,2019-11-27,장편,미국,445,358501960,44071,범죄,청소년관람불가,일반영화,로렌 스카파리아
2386,프랑켄위니,소니픽쳐스릴리징월트디즈니스튜디오스코리아(주),2012-10-11,장편,미국,226,365356000,43978,애니메이션,12세관람가,일반영화,팀 버튼
2388,혈투,(주)싸이더스,2011-02-24,장편,한국,169,329280000,43947,액션,15세관람가,일반영화,박훈정
2389,신주쿠 사건,한국소니픽쳐스릴리징브에나비스타영화㈜,2009-06-18,장편,기타,104,289750076,43881,액션,청소년관람불가,일반영화,이동승
2392,컴백홈,(주)제이앤씨미디어그룹,2022-10-05,장편,한국,603,386265079,43688,드라마,15세관람가,일반영화,이연우
2395,울브스,(주)프레인글로벌,2014-11-13,장편,미국,291,313204669,43613,판타지,15세관람가,일반영화,데이비드 헤이터
2396,아일라,(주)영화사 빅,2018-06-21,장편,기타,371,331882900,43612,드라마,15세관람가,독립/예술영화,칸 울카이
2397,약장수,(주)대명문화공장,2015-04-23,장편,한국,282,313238400,43562,드라마,15세관람가,일반영화,조치언
2398,파바로티,오드,2020-01-01,장편,영국,85,348527658,43486,다큐멘터리,12세관람가,독립/예술영화,론 하워드
2402,업사이드,(주)디스테이션,2019-06-13,장편,미국,188,365579100,43265,코미디,12세관람가,독립/예술영화,닐 버거
2405,꼬마돼지 베이브의 대모험,(주)박수엔터테인먼트,2017-06-15,장편,독일,312,293359100,42879,애니메이션,전체관람가,독립/예술영화,테레사 스트로젝
2408,스페이스 독,예지림엔터테인먼트,2012-03-22,장편,기타,148,282088000,42720,애니메이션,전체관람가,일반영화,스비야토슬라브 우샤코프
2409,호스트,(주)넥스트엔터테인먼트월드(NEW),2013-04-04,장편,미국,244,298122000,42708,SF,15세관람가,일반영화,앤드류 니콜
2411,아네트,그린나래미디어(주),2021-10-27,장편,프랑스,330,361863130,42424,드라마,15세관람가,독립/예술영화,레오스 카락스
2420,더 와이프,(주)팝엔터테인먼트,2019-02-27,장편,영국,106,319839451,41525,드라마,15세관람가,독립/예술영화,비욘 룬게
2422,스푹스:MI5,(주)영화사 빅,2016-03-17,장편,영국,341,316642549,41416,액션,15세관람가,일반영화,바랫 낼러리
2424,나쁜 이웃들,유니버설픽쳐스인터내셔널 코리아(유),2014-07-03,장편,미국,129,335244700,41301,코미디,청소년관람불가,일반영화,니콜라스 스톨러
2425,스니치,(주)마인스 엔터테인먼트,2013-05-09,장편,미국,153,286388500,41242,액션,15세관람가,일반영화,릭 로먼 워
2427,여름날 우리,찬란,2021-08-25,장편,중국,262,371383720,41138,코미디,12세관람가,독립/예술영화,한톈
2430,배반의 장미,롯데컬처웍스(주)롯데엔터테인먼트,2018-10-18,장편,한국,457,332232550,41054,코미디,15세관람가,일반영화,박진영
2431,레이디버그,(주)삼지애니메이션,2017-02-22,장편,한국,172,310291500,41041,애니메이션,전체관람가,일반영화,장성
2433,레플리카,(주)제이앤씨미디어그룹,2019-09-25,장편,미국,360,324884230,40985,범죄,15세관람가,일반영화,제프리 나흐마노프
2434,도화선,㈜스튜디오이쩜영,2008-06-12,장편,기타,135,223255000,40978,액션,청소년관람불가,일반영화,엽위신
2435,더 포리너,(주)더블앤조이픽쳐스,2018-02-07,장편,영국,156,328887800,40882,액션,15세관람가,일반영화,마틴 캠벨
2437,하트 브레이커,씨너스엔터테인먼트(주),2012-04-19,장편,프랑스,176,296750000,40793,코미디,15세관람가,독립/예술영화,파스칼 쇼메유
2444,데모닉,(주)와우픽쳐스,2015-06-25,장편,미국,146,308839100,40519,공포(호러),15세관람가,독립/예술영화,윌 캐논
2446,모탈 컴뱃,워너브러더스 코리아(주),2021-04-08,장편,미국,702,417212150,40461,액션,청소년관람불가,일반영화,기타
2454,토마스와 친구들 - 극장판,(주)코카반,2009-04-09,장편,영국,67,235596482,40058,애니메이션,전체관람가,일반영화,스티브 애스퀴스
2456,세이프 헤이븐,(주)팝엔터테인먼트,2013-11-06,장편,미국,133,281331000,39731,멜로/로맨스,15세관람가,독립/예술영화,라세 할스트롬
2458,리스타트,(주)넥스트엔터테인먼트월드(NEW),2021-03-11,장편,미국,529,353392620,39472,액션,15세관람가,일반영화,조 카나한
2461,그레이브 인카운터,(주)팝엔터테인먼트,2012-08-01,장편,기타,63,277970000,39266,공포(호러),15세관람가,일반영화,더 비셔우스 브라더스
2467,메기,(주)엣나인필름,2019-09-26,장편,한국,155,328164828,38853,미스터리,15세관람가,독립/예술영화,이옥섭
2470,동급생,(주)박수엔터테인먼트,2016-05-19,장편,일본,100,280704500,38706,애니메이션,15세관람가,독립/예술영화,나카무라 쇼코
2471,끝과 시작,롯데쇼핑㈜롯데엔터테인먼트,2013-04-04,장편,한국,185,272411000,38432,멜로/로맨스,청소년관람불가,독립/예술영화,민규동
2472,나의 그리스식 웨딩 2,(주)이수C&E,2016-03-30,장편,미국,327,288215300,38305,코미디,15세관람가,일반영화,커크 존스
2473,몬스터 파크,(주)박수엔터테인먼트,2019-01-23,장편,영국,344,275767940,38262,애니메이션,전체관람가,독립/예술영화,안드레스 코투리어
2474,정글번치: 너구리 해적단과 보물지도,(주)팝엔터테인먼트,2015-06-25,장편,프랑스,247,272076100,38219,애니메이션,전체관람가,독립/예술영화,에즈라 와이즈
2475,트릭,(주)스톰픽쳐스코리아,2016-07-13,장편,한국,390,297315300,38155,스릴러,15세관람가,일반영화,이창열
2476,신은 죽지 않았다,주식회사 마운틴픽쳐스,2015-04-16,장편,미국,137,281738000,38149,드라마,12세관람가,독립/예술영화,해롤드 크론크
2482,타이밍,(주)스톰픽쳐스코리아,2015-12-10,장편,한국,196,284085200,37711,애니메이션,15세관람가,독립/예술영화,민경조
2483,아이,롯데컬처웍스(주)롯데엔터테인먼트,2021-02-10,장편,한국,504,297568920,37637,드라마,15세관람가,일반영화,김현탁
2488,다키스트 아워,유니버설픽쳐스인터내셔널 코리아(유),2018-01-17,장편,영국,233,282157800,37300,드라마,12세관람가,독립/예술영화,조 라이트
2489,툴리,(주)리틀빅픽쳐스,2018-11-22,장편,기타,161,302483000,37241,드라마,15세관람가,일반영화,제이슨 라이트맨
2490,레미니센스,워너브러더스 코리아(주),2021-08-25,장편,미국,548,343858500,37227,SF,12세관람가,일반영화,리사 조이
2492,사이드 이펙트,롯데쇼핑㈜롯데엔터테인먼트,2013-07-11,장편,미국,172,258658000,37134,스릴러,청소년관람불가,일반영화,스티븐 소더버그
2495,애프터: 그 후,판씨네마(주),2020-10-07,장편,미국,420,304956040,36962,멜로/로맨스,15세관람가,일반영화,로저 컴블
2498,백프로,(주)마인스 엔터테인먼트,2014-04-03,장편,한국,236,275138600,36792,코미디,15세관람가,일반영화,김명균
2499,반딧불이 딘딘,(주)박수엔터테인먼트,2018-02-22,장편,중국,303,259903900,36737,애니메이션,전체관람가,독립/예술영화,등위봉
2504,다크 하우스,(주)스톰픽쳐스코리아,2017-06-22,장편,미국,278,295604100,36350,공포(호러),청소년관람불가,독립/예술영화,대런 린 보우즈만
2508,콜 오브 와일드,월트디즈니컴퍼니코리아 유한책임회사,2020-05-14,장편,미국,505,306118500,36245,어드벤처,12세관람가,일반영화,크리스 샌더스
2509,어나더 라운드,(주)엣나인필름,2022-01-19,장편,기타,175,335050390,36126,코미디,15세관람가,독립/예술영화,토마스 빈터베르그
2515,반지의 제왕 : 반지원정대 (확장판),(주)디스테이션,2017-01-11,장편,기타,74,470027900,35758,판타지,12세관람가,일반영화,피터 잭슨
2520,스파키,예지림엔터테인먼트,2018-04-12,장편,한국,312,257040200,35436,애니메이션,전체관람가,일반영화,아론 우들리
2523,우리의 20세기,그린나래미디어(주),2017-09-27,장편,미국,98,287148600,35296,드라마,15세관람가,독립/예술영화,마이크 밀스
2525,어른들은 몰라요,(주)리틀빅픽쳐스,2021-04-15,장편,한국,209,340307750,35264,드라마,청소년관람불가,독립/예술영화,이환
2526,위핏,롯데쇼핑㈜롯데엔터테인먼트,2010-02-18,장편,미국,124,225133182,35241,드라마,12세관람가,일반영화,드류 베리모어
2530,엘르,소니픽쳐스엔터테인먼트코리아주식회사극장배급지점,2017-06-15,장편,프랑스,56,276952100,35122,드라마,청소년관람불가,독립/예술영화,폴 버호벤
2532,"그 시절, 우리가 좋아했던 소녀",(주)이놀미디어,2012-08-22,장편,기타,113,248335570,34995,멜로/로맨스,15세관람가,독립/예술영화,구파도
2534,드래곤 헌터,롯데쇼핑㈜롯데엔터테인먼트,2013-01-24,장편,프랑스,105,219090000,34984,애니메이션,전체관람가,일반영화,기욤 이베르넬
2540,뫼비우스,(주)넥스트엔터테인먼트월드(NEW),2013-09-05,장편,한국,128,250644579,34740,드라마,청소년관람불가,독립/예술영화,김기덕
2541,빠삐용,(주)드림팩트엔터테인먼트,2019-02-27,장편,미국,191,275814950,34638,범죄,15세관람가,독립/예술영화,마이클 노어
2548,봄날,(주)콘텐츠판다,2022-04-27,장편,한국,455,239876830,34236,드라마,15세관람가,독립/예술영화,이돈구
2549,더 플랜,(주)엣나인필름,2017-04-20,장편,한국,156,263526895,34225,다큐멘터리,15세관람가,독립/예술영화,최진성
2554,빅 웨딩,(주)나이너스엔터테인먼트,2013-06-27,장편,미국,166,231885500,33993,멜로/로맨스,청소년관람불가,일반영화,저스틴 잭햄
2558,만신,(주)엣나인필름,2014-03-06,장편,한국,88,251863300,33481,다큐멘터리,15세관람가,독립/예술영화,박찬경
2560,리틀드래곤 코코넛,(주)영화사 빅,2015-07-02,장편,독일,209,242862400,33464,애니메이션,전체관람가,독립/예술영화,니나 웰스
2566,태양 아래,THE 픽쳐스,2016-04-27,장편,기타,120,206495400,33008,다큐멘터리,전체관람가,독립/예술영화,비탈리 만스키
2567,I AM,(주)씨제이이엔엠,2012-06-21,장편,한국,137,245580000,32988,다큐멘터리,전체관람가,일반영화,최진성
2568,19-Nineteen,CJ ENM,2009-11-12,장편,한국,69,212293874,32986,드라마,12세관람가,일반영화,장용우
2569,개들의 섬,이십세기폭스코리아(주),2018-06-21,장편,미국,121,284739300,32789,코미디,12세관람가,일반영화,웨스 앤더슨
2572,킬 유어 달링,(주)영화사 진진,2014-10-16,장편,미국,93,255344020,32668,드라마,청소년관람불가,독립/예술영화,존 크로키다스
2577,대결,(주)스톰픽쳐스코리아,2016-09-22,장편,한국,366,251176500,32278,액션,15세관람가,일반영화,신동엽
2579,팔로우,(주)영화사오원,2015-04-02,장편,미국,197,267202743,32187,공포(호러),청소년관람불가,독립/예술영화,데이빗 로버트 밋첼
2587,오픈 더 도어,(주)팝엔터테인먼트,2020-04-08,장편,기타,184,286702100,31760,공포(호러),15세관람가,일반영화,올가 고로데츠카야
2589,꼭두각시,(주)인벤트스톤,2013-06-20,장편,한국,134,227941500,31713,공포(호러),청소년관람불가,일반영화,권영락
2590,그랜드파더,(주)인벤트스톤,2016-08-31,장편,한국,288,233692400,31640,액션,청소년관람불가,독립/예술영화,이서
2591,서스페리아,(주)홈초이스,2019-05-16,장편,기타,257,288130965,31618,공포(호러),청소년관람불가,독립/예술영화,루카 구아다니노
2592,고백,(주)리틀빅픽쳐스,2021-02-24,장편,한국,255,226801600,31616,드라마,15세관람가,독립/예술영화,서은영
2594,뱅가드,(주)디스테이션,2020-12-30,장편,중국,265,265933700,31548,액션,12세관람가,독립/예술영화,당계례
2596,학교 가는 길,(주)영화사 진진,2021-05-05,장편,한국,90,239464980,31467,다큐멘터리,12세관람가,독립/예술영화,김정인
2598,나는 부정한다,(주)티캐스트,2017-04-26,장편,영국,104,250925125,31172,드라마,12세관람가,독립/예술영화,믹 잭슨
2599,더 브레이브,CJ ENM,2011-02-24,장편,미국,51,240423500,31152,드라마,15세관람가,일반영화,에단 코엔
2602,옹박: 더 레전드,㈜케이디미디어,2009-05-14,장편,기타,172,200763553,31042,액션,15세관람가,일반영화,토니 자
2604,목숨,필라멘트픽쳐스,2014-12-04,장편,한국,97,235872600,31022,다큐멘터리,12세관람가,독립/예술영화,이창재
2608,"좋아해, 너를",(주)디오시네마,2017-09-14,장편,일본,101,265102800,30714,드라마,12세관람가,독립/예술영화,이마이즈미 리키야
2613,스노우타임,(주)영화사 빅,2016-12-15,장편,기타,259,217620400,30467,애니메이션,전체관람가,독립/예술영화,장 프랑소아 풀리오
2615,벨 아미,(주)에스비에스콘텐츠허브,2012-08-30,장편,영국,103,213966000,30373,드라마,청소년관람불가,일반영화,닉 오머로드
2616,반지의 제왕 : 왕의 귀환 (확장판),(주)디스테이션,2017-01-25,장편,기타,56,370268000,30349,판타지,12세관람가,일반영화,피터 잭슨
2617,더 메뉴,월트디즈니컴퍼니코리아 유한책임회사,2022-12-07,장편,미국,177,314722700,30326,스릴러,15세관람가,일반영화,마크 미로드
2618,마인드스케이프,오퍼스픽쳐스(유),2014-10-23,장편,기타,199,220476900,30257,스릴러,15세관람가,일반영화,호르헤 도라도
2625,더 길티,(주)팝엔터테인먼트,2019-03-27,장편,기타,108,251886700,30110,스릴러,12세관람가,독립/예술영화,구스타브 몰러
2630,톰보이,(주)영화특별시에스엠씨,2020-05-14,장편,프랑스,361,268477620,29879,드라마,12세관람가,독립/예술영화,셀린 시아마
2631,그레이 맨,씨제이 씨지브이(CJ CGV)(주),2022-07-13,장편,미국,220,277286160,29844,액션,15세관람가,일반영화,안소니 루소
2632,33,(주)나이너스엔터테인먼트,2016-04-07,장편,미국,320,228351400,29728,드라마,12세관람가,일반영화,패트리시아 리건
2633,루터,THE 픽쳐스,2017-10-18,장편,독일,94,205455300,29710,드라마,12세관람가,독립/예술영화,에릭 틸
2640,북클럽,(주)영화사 진진,2019-06-20,장편,미국,73,217597690,29453,코미디,15세관람가,독립/예술영화,빌 홀더먼
2641,너브,(주)박수엔터테인먼트,2017-01-11,장편,미국,151,239275800,29441,어드벤처,15세관람가,일반영화,아리엘 슐만
2643,몬태나,판씨네마(주),2018-04-19,장편,미국,276,231968300,29354,드라마,15세관람가,독립/예술영화,스콧 쿠퍼
2644,벨과 세바스찬,그린나래미디어(주),2014-03-20,장편,프랑스,202,210117000,29308,어드벤처,전체관람가,독립/예술영화,니콜라 바니에
2647,에브리데이,그린나래미디어(주),2018-10-11,장편,미국,128,260023700,29283,멜로/로맨스,12세관람가,독립/예술영화,마이클 수지
2649,비상,(주)성원아이컴,2009-12-03,장편,한국,160,223314380,29223,액션,청소년관람불가,일반영화,박정훈
2651,꼬마잠수함 올리,예지림엔터테인먼트,2014-10-16,장편,중국,232,196511300,29114,애니메이션,전체관람가,독립/예술영화,헤 질리
2652,"다시, 봄",(주)스마일이엔티,2019-04-17,장편,한국,360,233916700,29048,드라마,12세관람가,독립/예술영화,정용주
2656,그집,(주)제이앤씨미디어그룹,2020-05-27,장편,기타,392,238258460,28707,공포(호러),15세관람가,독립/예술영화,기타
2658,무협,(주)넥스트엔터테인먼트월드(NEW),2011-11-17,장편,기타,137,206464500,28698,액션,15세관람가,일반영화,진가신
2662,분노,플러스엠 엔터테인먼트,2017-03-30,장편,일본,99,230315537,28567,스릴러,청소년관람불가,독립/예술영화,이상일
2664,그린 나이트,(주)팝엔터테인먼트,2021-08-05,장편,미국,235,265499680,28534,어드벤처,15세관람가,독립/예술영화,데이빗 로워리
2666,머드,(주)프레인글로벌,2013-11-28,장편,미국,113,206252500,28507,드라마,15세관람가,독립/예술영화,제프 니콜스
2673,걸즈 앤 판처 극장판,(주)머스트씨무비릴리징컴퍼니,2016-08-25,장편,일본,57,251874100,28121,애니메이션,12세관람가,일반영화,미즈시마 츠토무
2674,투 프렌즈,(주)박수엔터테인먼트,2018-11-29,장편,기타,273,199496700,28082,애니메이션,전체관람가,일반영화,빅터 아즈에프
2678,찬실이는 복도 많지,찬란,2020-03-05,장편,한국,241,240495330,27974,드라마,전체관람가,독립/예술영화,김초희
2683,키드냅,(주)제이앤씨미디어그룹,2017-11-22,장편,미국,167,214871800,27854,액션,15세관람가,독립/예술영화,루이스 프리에토
2684,스페이스 비트윈 어스,(주)키다리이엔티,2017-03-16,장편,미국,370,213149361,27847,어드벤처,12세관람가,독립/예술영화,피터 첼섬
2685,걸 온 더 트레인,(주)씨제이이엔엠,2017-03-09,장편,미국,331,215124500,27840,드라마,청소년관람불가,일반영화,테이트 테일러
2689,더 시크릿,(주)프라임엔터테인먼트,2008-01-01,장편,프랑스,93,183438000,27492,미스터리,15세관람가,일반영화,벵상 뻬레
2691,반지의 제왕 : 두개의 탑 (확장판),(주)디스테이션,2017-01-18,장편,기타,58,350183800,27440,판타지,12세관람가,일반영화,피터 잭슨
2696,라자루스,(유)조이앤시네마,2015-07-02,장편,미국,89,214955800,27279,공포(호러),15세관람가,일반영화,데이빗 겔브
2697,몬스터 헌트,(주)와우픽쳐스,2015-11-12,장편,중국,184,200197000,27257,판타지,12세관람가,독립/예술영화,라맨 허
2699,지니어스,(주)라이크콘텐츠,2017-04-13,장편,영국,172,209372437,27167,드라마,12세관람가,독립/예술영화,마이클 그랜다지
2702,"쏘아올린 불꽃, 밑에서 볼까? 옆에서 볼까?",(주)넥스트엔터테인먼트월드(NEW),2018-01-11,장편,일본,390,208532200,27069,애니메이션,15세관람가,독립/예술영화,신보 아키유키
2703,해피 투게더,플레이리스트(주),2018-11-15,장편,한국,240,204452450,27046,드라마,12세관람가,일반영화,김정환
2704,아이스 로드,(주)스튜디오 산타클로스엔터테인먼트,2021-07-21,장편,미국,344,258069720,27037,스릴러,12세관람가,일반영화,조나단 헨스라이
2706,4요일: 자살을 부르는 요일,메가픽쳐스제이씨(주),2008-12-11,장편,한국,131,182233000,26840,공포(호러),청소년관람불가,일반영화,서민영
2708,수색자,(주)콘텐츠판다,2021-09-29,장편,한국,218,190969220,26794,스릴러,15세관람가,독립/예술영화,김민섭
2709,콜드 워,아이 엠,2019-02-07,장편,기타,65,220783373,26784,멜로/로맨스,15세관람가,독립/예술영화,파벨 파블리코브스키
2710,재키,그린나래미디어(주),2017-01-25,장편,기타,97,209835243,26758,드라마,15세관람가,독립/예술영화,파블로 라라인
2711,몬스터 섬의 비밀,(주)박수엔터테인먼트,2017-09-07,장편,기타,150,184568800,26739,애니메이션,전체관람가,독립/예술영화,레오폴도 아귈라
2714,리멤버 미,㈜케이디미디어,2011-03-03,장편,미국,139,200247000,26629,멜로/로맨스,15세관람가,일반영화,앨런 콜터
2726,마크맨,(주)디스테이션,2021-04-28,장편,미국,210,198413200,26152,액션,15세관람가,일반영화,로버트 로렌즈
2730,바다 탐험대 옥토넛 : 육지수호 대작전,와이드 릴리즈(주),2021-10-27,장편,영국,205,223583600,25934,애니메이션,전체관람가,일반영화,기타
2731,왓 이프,(주)나이너스엔터테인먼트,2014-11-13,장편,기타,145,192741700,25908,코미디,15세관람가,독립/예술영화,마이클 도즈
2733,달링,(주)팝엔터테인먼트,2018-04-12,장편,영국,147,204458500,25872,드라마,12세관람가,독립/예술영화,앤디 서키스
2738,인 블룸,㈜케이디미디어,2008-09-25,장편,미국,95,172320000,25681,스릴러,청소년관람불가,일반영화,바딤 피얼먼
2739,컴 아웃 파이팅,기타,2009-10-22,장편,미국,143,187512404,25656,액션,15세관람가,일반영화,디토 몬티엘
2742,골드,CGV아트하우스,2017-03-22,장편,미국,200,195197900,25595,드라마,15세관람가,독립/예술영화,스티븐 개건
2747,아들의 이름으로,(주)엣나인필름,2021-05-12,장편,한국,423,215172610,25449,드라마,12세관람가,독립/예술영화,이정국
2750,블랙라이트,(주)퍼스트런,2022-03-09,장편,미국,521,228699190,25401,액션,15세관람가,일반영화,마크 윌리엄스
2753,매직 마이크,(주)나이너스엔터테인먼트,2012-08-01,장편,미국,68,191946500,25288,코미디,청소년관람불가,독립/예술영화,스티븐 소더버그
2755,트래쉬,유니버설픽쳐스인터내셔널 코리아(유),2015-05-14,장편,미국,206,182102913,25260,어드벤처,15세관람가,독립/예술영화,스티븐 달드리
2759,안녕하세요,(주)디스테이션,2022-05-25,장편,한국,297,183017360,25140,드라마,12세관람가,일반영화,차봉주
2763,영주,CGV아트하우스,2018-11-22,장편,한국,106,192729750,24823,드라마,12세관람가,독립/예술영화,차성덕
2767,시라노,유니버설픽쳐스인터내셔널 코리아(유),2022-02-23,장편,미국,195,203932200,24751,멜로/로맨스,12세관람가,일반영화,조 라이트
2770,더 프롬,플러스엠 엔터테인먼트,2020-12-02,장편,미국,662,213920730,24635,코미디,12세관람가,일반영화,라이언 머피
2772,마리 퀴리,(주)디스테이션,2020-11-18,장편,프랑스,484,191500920,24573,드라마,15세관람가,독립/예술영화,마르잔 사트라피
2773,메소드,(주)엣나인필름,2017-11-02,장편,한국,244,200356300,24573,드라마,15세관람가,독립/예술영화,방은진
2774,"조제, 호랑이 그리고 물고기들",(주)팝엔터테인먼트,2021-03-31,장편,일본,399,223274310,24571,애니메이션,12세관람가,독립/예술영화,타무라 코타로
2776,결혼 이야기,판씨네마(주),2019-11-27,장편,영국,83,197982660,24510,멜로/로맨스,15세관람가,독립/예술영화,노아 바움백
2778,"내 어깨 위 고양이, 밥",(주)누리픽쳐스,2017-01-04,장편,영국,112,193578000,24466,드라마,12세관람가,독립/예술영화,로저 스포티스우드
2782,원라이프,(주)씨제이이엔엠,2011-08-17,장편,영국,158,163408600,24348,다큐멘터리,전체관람가,일반영화,마샤 홈즈
2783,스파이크,예지림엔터테인먼트,2013-12-05,장편,프랑스,159,145382500,24346,애니메이션,전체관람가,독립/예술영화,다비드 알로
2789,폭스캐처,그린나래미디어(주),2015-02-05,장편,미국,80,190702421,24083,드라마,청소년관람불가,독립/예술영화,베넷 밀러
2794,큐어,M&M 인터내셔널,2022-07-06,장편,일본,55,250535969,23883,공포(호러),15세관람가,독립/예술영화,구로사와 기요시
2798,블루 아워,오드,2020-07-22,장편,일본,322,202646600,23810,드라마,12세관람가,독립/예술영화,하코타 유코
2799,체르노빌 1986,(주)팝엔터테인먼트,2021-06-30,장편,기타,182,200542300,23773,액션,12세관람가,독립/예술영화,다닐라 코즈로브스키
2804,얼굴없는 보스,(주)좋은 하늘,2019-11-21,장편,한국,293,199801000,23711,액션,15세관람가,일반영화,송경용
2808,타임 투 러브,(주)인벤트스톤,2014-10-23,장편,미국,201,179611300,23597,코미디,청소년관람불가,일반영화,저스틴 리어든
2809,사이코패스,(주)박수엔터테인먼트,2015-05-28,장편,일본,69,191148000,23586,애니메이션,15세관람가,독립/예술영화,시오타니 나오요시
2813,제인 도,오퍼스픽쳐스(유),2017-08-23,장편,영국,110,183431765,23467,공포(호러),청소년관람불가,독립/예술영화,안드레 외브레달
2817,테슬라,(주)제이앤씨미디어그룹,2020-10-28,장편,미국,460,184842950,23441,드라마,12세관람가,일반영화,마이클 알메레이다
2820,개들의 전쟁,롯데쇼핑㈜롯데엔터테인먼트,2012-11-22,장편,한국,94,171302571,23390,액션,청소년관람불가,독립/예술영화,조병옥
2822,아우토반,와이드 릴리즈(주),2017-03-22,장편,영국,153,183393500,23306,액션,15세관람가,독립/예술영화,에란 크리비
2824,울프 콜,판씨네마(주),2020-03-05,장편,프랑스,336,192061580,23247,액션,15세관람가,독립/예술영화,안토닌 보드리
2825,크리스마스 캐럴,(주)디스테이션,2022-12-07,장편,한국,410,217795380,23211,드라마,청소년관람불가,독립/예술영화,김성수
2828,노무현과 바보들,오키넷,2019-04-18,장편,한국,366,175757640,23133,다큐멘터리,12세관람가,독립/예술영화,김재희
2833,리틀 뱀파이어,(주)이수C&E,2018-01-18,장편,독일,213,164278600,23014,애니메이션,전체관람가,독립/예술영화,리처드 클라우스
2835,비정한 도시 감독판,(주)인벤트스톤,2012-10-25,장편,한국,172,161959057,22900,미스터리,청소년관람불가,일반영화,김문흠
2836,거인,필라멘트픽쳐스,2014-11-13,장편,한국,77,173034400,22893,드라마,12세관람가,독립/예술영화,김태용
2837,"봄, 눈",(주)넥스트엔터테인먼트월드(NEW),2012-04-26,장편,한국,118,143518000,22870,드라마,전체관람가,일반영화,김태균
2838,에이바,(주)제이앤씨미디어그룹,2020-09-09,장편,미국,515,178670250,22832,액션,15세관람가,일반영화,테이트 테일러
2840,디트로이트,그린나래미디어(주),2018-05-31,장편,미국,108,194693700,22770,스릴러,15세관람가,독립/예술영화,캐서린 비글로우
2842,유리정원,(주)리틀빅픽쳐스,2017-10-25,장편,한국,332,160437700,22752,미스터리,12세관람가,독립/예술영화,신수원
2844,윌리,㈜코리아스크린,2018-10-25,장편,기타,162,178555800,22716,애니메이션,전체관람가,독립/예술영화,칼 멘데스
2846,히어로,(주)마인스 엔터테인먼트,2013-10-08,장편,한국,179,148940000,22617,가족,전체관람가,일반영화,김봉한
2849,짓,(주)팝파트너스,2013-09-25,장편,한국,159,159384500,22526,멜로/로맨스,청소년관람불가,독립/예술영화,한종훈
2851,송 투 송,CGV아트하우스,2017-07-26,장편,미국,97,171942900,22453,드라마,청소년관람불가,독립/예술영화,테렌스 맬릭
2852,카시오페아,(주)트리플픽쳐스,2022-06-01,장편,한국,175,194889200,22429,드라마,12세관람가,독립/예술영화,신연식
2853,F20,와이드 릴리즈(주),2021-10-06,장편,한국,218,155242500,22412,스릴러,15세관람가,일반영화,홍은미
2858,미스터 스마일,(주)티캐스트,2018-12-27,장편,미국,56,181726300,22348,드라마,15세관람가,독립/예술영화,데이빗 로워리
2862,크로우즈 제로,(주)쇼박스,2008-07-02,장편,일본,252,142006500,22097,스릴러,15세관람가,일반영화,미이케 다카시
2863,엔들리스 러브,유니버설픽쳐스인터내셔널 코리아(유),2014-03-13,장편,미국,210,165237000,22091,드라마,15세관람가,일반영화,샤나 페스트
2867,아이 엠 우먼,(주)팝엔터테인먼트,2021-01-14,장편,기타,494,178046740,21974,드라마,15세관람가,독립/예술영화,문은주
2875,시크릿 인 데어 아이즈,판씨네마(주),2016-04-27,장편,미국,186,162031200,21692,미스터리,15세관람가,일반영화,빌리 레이
2878,"안녕, 나의 소울메이트",(주)나이너스엔터테인먼트,2017-12-07,장편,기타,165,169017300,21659,드라마,15세관람가,독립/예술영화,증국상
2884,아마조니아,(주)영화사 빅,2015-08-05,장편,프랑스,105,150680200,21318,다큐멘터리,전체관람가,독립/예술영화,티에리 라고베르트
2885,이브 생 로랑,(주)블룸즈베리파트너스,2014-06-26,장편,프랑스,53,166422300,21280,드라마,청소년관람불가,독립/예술영화,자릴 레스페르
2886,잃어버린 세계를 찾아서,(주)이수C&E,2019-10-09,장편,미국,279,161271360,21252,애니메이션,전체관람가,일반영화,크리스 버틀러
2890,휘트니,판씨네마(주),2018-08-23,장편,미국,80,173620027,21094,드라마,15세관람가,독립/예술영화,케빈 맥도널드
2895,그랜드 피아노,와이드 릴리즈(주),2014-04-17,장편,기타,95,149337000,20961,스릴러,15세관람가,독립/예술영화,유지니오 미라
2899,유령선,(주)엣나인필름,2020-04-15,장편,한국,165,181933920,20784,다큐멘터리,12세관람가,독립/예술영화,김지영
2901,워리어,(주)화앤담이엔티,2011-11-02,장편,미국,142,150308500,20702,드라마,15세관람가,일반영화,게빈 오코너
2903,리노,(주)스톰픽쳐스코리아,2019-03-07,장편,기타,322,153622020,20513,애니메이션,전체관람가,독립/예술영화,라파엘 리바스
2904,플라이트,(주)씨제이이엔엠,2013-02-28,장편,미국,79,150391500,20491,드라마,청소년관람불가,일반영화,로버트 저메키스
2907,팬데믹,(주)영화사 빅,2020-07-22,장편,미국,382,176181960,20355,스릴러,15세관람가,독립/예술영화,기타
2910,아무도 없는 곳,(주)엣나인필름,2021-03-31,장편,한국,374,174220200,20221,드라마,15세관람가,독립/예술영화,김종관
2915,스틸워터,씨제이 씨지브이(CJ CGV)(주),2021-10-06,장편,미국,363,165102500,20079,범죄,15세관람가,독립/예술영화,토마스 맥카시
2921,러브레이스,씨너스엔터테인먼트(주),2013-10-17,장편,미국,154,139215138,19933,드라마,청소년관람불가,독립/예술영화,롭 엡스타인
2924,카메라를 멈추면 안 돼!,(주)디오시네마,2018-08-23,장편,일본,57,173409766,19846,공포(호러),15세관람가,독립/예술영화,우에다 신이치로
2925,보이저스,TCO(주)더콘텐츠온,2021-05-26,장편,미국,387,166586500,19814,SF,15세관람가,일반영화,닐 버거
2927,파괴자들,유니버설픽쳐스인터내셔널 코리아(유),2012-10-31,장편,미국,171,141102068,19716,액션,청소년관람불가,일반영화,올리버 스톤
2932,라이프,(주)영화사오원,2015-10-15,장편,기타,99,155668185,19596,드라마,15세관람가,독립/예술영화,안톤 코르빈
2935,픽시,(주)팝엔터테인먼트,2018-08-23,장편,기타,268,139428100,19508,애니메이션,전체관람가,독립/예술영화,바시코 베도슈빌리
2936,엄마,소니픽쳐스엔터테인먼트코리아주식회사극장배급지점,2022-05-11,장편,미국,190,169848800,19485,스릴러,12세관람가,일반영화,아이리스 심
2937,물의 기억,롯데컬처웍스(주)롯데엔터테인먼트,2019-05-15,장편,한국,108,111262080,19484,다큐멘터리,전체관람가,독립/예술영화,진재운
2938,디스커넥트,(주)영화사 빅,2013-11-07,장편,미국,113,140642204,19460,드라마,청소년관람불가,독립/예술영화,헨리 알렉스 루빈
2943,테이크다운,(주)에스비에스콘텐츠허브,2013-04-18,장편,영국,138,135780500,19415,액션,15세관람가,독립/예술영화,에란 크리비
2945,커터,(주)스톰픽쳐스코리아,2016-03-30,장편,한국,199,151165500,19405,범죄,청소년관람불가,독립/예술영화,정희성
2949,트루스,(주)라이크콘텐츠,2016-08-24,장편,미국,123,151967000,19315,드라마,15세관람가,독립/예술영화,제임스 밴더빌트
2952,뱅드림! 필름 라이브,(주)애니플러스,2019-09-26,장편,일본,78,166464110,19264,애니메이션,전체관람가,일반영화,우메츠 토모미
2955,레토,(주)엣나인필름,2019-01-03,장편,기타,112,166459680,19221,드라마,15세관람가,독립/예술영화,키릴 세레브렌니코프
2956,블라인드,주식회사 컨텐츠썬,2021-01-14,장편,기타,239,165291800,19142,드라마,15세관람가,일반영화,타마르 반 덴 도프
2957,에코,(주)박수엔터테인먼트,2014-10-08,장편,미국,154,138735100,19142,SF,전체관람가,독립/예술영화,데이브 그린
2958,소녀,(주)씨제이이엔엠,2013-11-07,장편,한국,73,142456000,18996,멜로/로맨스,청소년관람불가,독립/예술영화,최진성
2961,상실의 시대,예지림엔터테인먼트,2011-04-21,장편,일본,53,144737800,18872,드라마,청소년관람불가,독립/예술영화,트란 안 홍
2965,프란치스코,스튜디오 프로그레시브 인큐베이터,2016-03-10,장편,기타,184,131126849,18799,드라마,12세관람가,독립/예술영화,베다 도캄포 페이주
2966,여행자,(주)영화사 진진,2009-10-29,장편,한국,59,135668849,18797,드라마,12세관람가,독립/예술영화,우니 르콩트
2968,드라이브,주식회사 풍경소리,2011-11-17,장편,미국,76,144975500,18715,액션,청소년관람불가,독립/예술영화,니콜라스 윈딩 레픈
2970,숏버스,실버스푼,2009-03-12,장편,미국,51,126613193,18621,드라마,청소년관람불가,독립/예술영화,존 카메론 밋첼
2971,방울토마토,무비즈엔터테인먼트㈜,2008-05-29,장편,한국,83,115388000,18533,가족,12세관람가,일반영화,정영배
2976,너에게 가는 길,(주)엣나인필름,2021-11-17,장편,한국,56,160073700,18458,다큐멘터리,12세관람가,독립/예술영화,변규리
2977,그 후,(주)영화제작전원사,2017-07-06,장편,한국,168,140655508,18440,드라마,청소년관람불가,독립/예술영화,홍상수
2981,니얼굴,(주)영화사 진진,2022-06-23,장편,한국,65,163265600,18338,다큐멘터리,전체관람가,독립/예술영화,서동일
2983,강철비2 : 정상회담 확장판,롯데컬처웍스(주)롯데엔터테인먼트,2020-09-30,장편,한국,126,89922500,18306,드라마,15세관람가,일반영화,양우석
2985,동백,시네마 뉴원,2021-10-21,장편,한국,60,133034770,18272,드라마,12세관람가,독립/예술영화,신준영
2992,은혼,(주)라이크콘텐츠,2017-12-07,장편,일본,137,147645500,18172,액션,12세관람가,일반영화,후쿠다 유이치
2995,프랑스여자,(주)디스테이션,2020-06-04,장편,한국,244,129230400,18106,드라마,15세관람가,독립/예술영화,김희정
2996,하늘과 바다,롯데쇼핑㈜롯데엔터테인먼트,2009-10-28,장편,한국,186,121651444,18059,드라마,12세관람가,일반영화,오달균
2997,리그레션,(주)박수엔터테인먼트,2015-10-15,장편,기타,143,141042885,18057,스릴러,15세관람가,독립/예술영화,알레한드로 아메나바르
3003,캡틴 하록,(주)박수엔터테인먼트,2014-01-16,장편,일본,120,134005500,17977,애니메이션,12세관람가,일반영화,아라마키 신지
3004,오즈의 마법사 2,㈜코리아스크린,2017-05-03,장편,기타,142,138541700,17956,애니메이션,전체관람가,독립/예술영화,알버토 마르
3006,퍼펙트,(주)마인스 엔터테인먼트,2013-09-25,장편,미국,136,116662500,17916,액션,청소년관람불가,일반영화,닐스 아르덴 오플레브
3013,킹덤,와이드 릴리즈(주),2020-04-29,장편,일본,186,140937500,17663,액션,15세관람가,일반영화,사토 신스케
3015,돌멩이,(주)리틀빅픽쳐스,2020-10-15,장편,한국,425,146373400,17632,드라마,12세관람가,독립/예술영화,김정식
3016,스톤,씨너스엔터테인먼트(주),2014-06-12,장편,한국,148,118376400,17631,액션,15세관람가,독립/예술영화,조세래
3022,혼스,(주)팝엔터테인먼트,2014-11-27,장편,미국,166,137324715,17535,판타지,청소년관람불가,일반영화,알렉산더 아야
3023,더 터닝,(주)스마일이엔티,2020-04-02,장편,미국,294,154197940,17532,미스터리,15세관람가,독립/예술영화,플로리아 시지스몬디
3028,터치,(주)팝엔터테인먼트,2012-11-08,장편,한국,95,100685000,17403,드라마,청소년관람불가,독립/예술영화,민병훈
3030,유아 낫 유,(주)마인스 엔터테인먼트,2015-01-21,장편,미국,103,138505400,17372,드라마,15세관람가,일반영화,조지 C. 울프
3035,아인,판씨네마(주),2018-02-28,장편,일본,160,135549900,17287,SF,15세관람가,독립/예술영화,모토히로 카츠유키
3038,바보야,주식회사 마운틴픽쳐스,2011-04-21,장편,한국,57,91693000,17097,다큐멘터리,전체관람가,독립/예술영화,강성옥
3042,길,(주)더블앤조이픽쳐스,2017-05-11,장편,한국,54,75398600,17014,드라마,12세관람가,독립/예술영화,정인봉
3044,프라이버시,(주)인벤트스톤,2014-03-20,장편,영국,165,122664928,16936,범죄,15세관람가,일반영화,존 크로울리
3046,컴온 컴온,(주)스튜디오디에이치엘,2022-06-30,장편,미국,113,154650500,16876,드라마,12세관람가,독립/예술영화,마이크 밀스
3051,명왕성,(주)싸이더스,2013-07-11,장편,한국,78,114536500,16828,드라마,15세관람가,독립/예술영화,신수원
3055,몬스터 아카데미,와이드 릴리즈(주),2022-04-27,장편,기타,209,141292000,16647,판타지,전체관람가,일반영화,레오폴도 아귈라
3056,산타바바라,(주)나이너스엔터테인먼트,2014-07-16,장편,한국,101,125565919,16626,멜로/로맨스,15세관람가,독립/예술영화,조성규
3057,800,TCO(주)더콘텐츠온,2020-12-10,장편,중국,223,141698200,16625,전쟁,15세관람가,일반영화,관후
3064,내 이야기!!,(주)영화사오원,2018-04-12,장편,일본,143,141565800,16467,멜로/로맨스,12세관람가,독립/예술영화,카와이 하야토
3068,#아이엠히어,(주)넥스트엔터테인먼트월드(NEW),2021-01-14,장편,프랑스,432,136875710,16404,멜로/로맨스,12세관람가,독립/예술영화,에릭 라티고
3069,마돈나,(주)리틀빅픽쳐스,2015-07-02,장편,한국,65,127237400,16385,드라마,청소년관람불가,독립/예술영화,신수원
3070,북스마트,(주)콘텐츠판다,2021-01-27,장편,미국,163,108654680,16380,코미디,15세관람가,독립/예술영화,올리비아 와일드
3074,리스펙트,유니버설픽쳐스인터내셔널 코리아(유),2021-09-08,장편,미국,119,107393800,16312,드라마,12세관람가,일반영화,리슬 타미
3077,리틀 폭스,예지림엔터테인먼트,2016-06-23,장편,중국,150,119098500,16204,애니메이션,전체관람가,독립/예술영화,갈수영
3078,링스,(주)다자인소프트,2017-04-06,장편,미국,123,135470800,16199,공포(호러),15세관람가,일반영화,하비에르 구티에레즈
3081,파티마의 기적,(주)디스테이션,2020-12-03,장편,미국,162,129475600,16183,드라마,12세관람가,독립/예술영화,마르코 폰테코르보
3084,오필리아,(주)홈초이스,2021-07-14,장편,미국,117,141669640,16124,멜로/로맨스,15세관람가,독립/예술영화,클레어 맥카시
3085,베이트,(주)팝파트너스,2013-08-08,장편,기타,59,108522500,16091,공포(호러),15세관람가,일반영화,킴블 렌달
3086,스파이 게임,플러스엠 엔터테인먼트,2017-09-14,장편,영국,203,122840172,15986,액션,15세관람가,일반영화,마이클 앱티드
3091,사랑하고 사랑받고 차고 차이고,주식회사 컨텐츠썬,2021-06-16,장편,일본,155,143259400,15916,드라마,12세관람가,독립/예술영화,미키 타카히로
3094,더 웨이브,(주)팝엔터테인먼트,2016-07-13,장편,기타,140,124772321,15890,액션,12세관람가,독립/예술영화,로아 우타우
3103,와일드 로즈,판씨네마(주),2019-10-17,장편,영국,152,117838040,15650,드라마,15세관람가,독립/예술영화,톰 하퍼
3109,조,(주)팝엔터테인먼트,2019-07-11,장편,미국,69,127481096,15429,멜로/로맨스,15세관람가,독립/예술영화,드레이크 도리머스
3110,빛나는 순간,(주)명필름,2021-06-30,장편,한국,267,129246670,15389,드라마,12세관람가,독립/예술영화,소준문
3113,볼츠와 블립,(주)씨제이이엔엠,2012-02-23,장편,한국,61,161329000,15386,애니메이션,전체관람가,일반영화,피터 레페니오티스
3116,배드 지니어스,(주)팝엔터테인먼트,2017-11-02,장편,기타,200,120082336,15319,스릴러,15세관람가,독립/예술영화,나타우트 푼프리야
3119,꼬마 유령,(주)영화사오원,2015-06-11,장편,독일,176,110213300,15276,판타지,전체관람가,독립/예술영화,알랑 그스포너
3120,아이 인 더 스카이,판씨네마(주),2016-07-14,장편,영국,205,116603200,15258,전쟁,12세관람가,일반영화,개빈 후드
3122,스톤,KT&G 상상마당 영화사업팀 컴퍼니에스에스(주),2011-10-06,장편,미국,77,116295000,15241,드라마,청소년관람불가,일반영화,존 커랜
3124,삽질,(주)엣나인필름,2019-11-14,장편,한국,171,120829530,15228,다큐멘터리,12세관람가,독립/예술영화,김병기
3129,메리 미,유니버설픽쳐스인터내셔널 코리아(유),2022-03-16,장편,미국,179,99754800,15164,멜로/로맨스,12세관람가,일반영화,캣 코이로
3133,램,오드,2021-12-29,장편,기타,123,140091110,15095,공포(호러),15세관람가,독립/예술영화,발디마르 요한손
3134,런어웨이즈,(주)넥스트엔터테인먼트월드(NEW),2010-06-24,장편,미국,76,111779483,15088,드라마,청소년관람불가,독립/예술영화,플로리아 시지스몬디
3136,크리드2,워너브러더스 코리아(주),2019-02-21,장편,미국,298,122284190,15023,액션,12세관람가,일반영화,스티븐 카플 주니어
3139,프렌드 존,(주)디스테이션,2019-10-30,장편,기타,104,118749200,14991,멜로/로맨스,12세관람가,독립/예술영화,차야놉 분프라콥
3142,로즈,(주)박수엔터테인먼트,2017-04-12,장편,기타,125,113253541,14955,멜로/로맨스,15세관람가,독립/예술영화,짐 쉐리단
3143,하나와 미소시루,(주)영화사 진진,2016-04-27,장편,일본,104,112899538,14925,가족,전체관람가,독립/예술영화,아쿠네 토모아키
3148,돌핀보이,와이드 릴리즈(주),2023-01-25,장편,독일,177,134959700,14837,애니메이션,전체관람가,일반영화,기타
3152,데드폴,(주)에스비에스콘텐츠허브,2013-01-23,장편,미국,82,101887000,14744,범죄,청소년관람불가,일반영화,스테판 루조비츠키
3155,콜로설,(주)드림팩트엔터테인먼트,2017-04-20,장편,기타,305,114967100,14687,액션,12세관람가,독립/예술영화,나초 비갈론도
3156,돈 워리,그린나래미디어(주),2019-07-25,장편,미국,55,116449854,14684,드라마,15세관람가,독립/예술영화,구스 반 산트
3158,피노키오의 모험,(주)소나무픽쳐스,2014-09-18,장편,독일,54,105233300,14557,애니메이션,전체관람가,일반영화,안나 저스티스
3160,아사코,(주)이수C&E,2019-03-14,장편,일본,167,124515619,14441,드라마,12세관람가,독립/예술영화,하마구치 류스케
3161,부활,(주)중헌홀딩스,2020-07-09,장편,한국,83,112596500,14437,다큐멘터리,전체관람가,일반영화,구수환
3162,갬빗,(주)나이너스엔터테인먼트,2013-11-28,장편,미국,94,95213128,14426,코미디,15세관람가,독립/예술영화,마이클 호프만
3163,춘몽,(주)프레인글로벌,2016-10-13,장편,한국,96,114343700,14423,드라마,15세관람가,독립/예술영화,장률
3165,커넥트,(주)이수C&E,2021-01-20,장편,미국,386,127565260,14374,공포(호러),15세관람가,독립/예술영화,제이콥 체이스
3166,리틀 보이,플러스엠 엔터테인먼트,2015-12-10,장편,미국,143,100778300,14343,드라마,12세관람가,독립/예술영화,알레한드로 몬테베르드
3171,라스트 홈,(주)브리즈픽처스,2016-04-07,장편,미국,163,109954000,14241,드라마,15세관람가,독립/예술영화,라민 바흐러니
3175,피는 물보다 진하다,(주)이놀미디어,2022-05-25,장편,한국,78,90700500,14201,액션,15세관람가,일반영화,김희성
3177,아노말리사,롯데쇼핑㈜롯데엔터테인먼트,2016-03-30,장편,미국,93,115387000,14153,애니메이션,청소년관람불가,독립/예술영화,듀크 존슨
3181,벨파스트,유니버설픽쳐스인터내셔널 코리아(유),2022-03-23,장편,미국,272,127992070,14002,드라마,12세관람가,독립/예술영화,케네스 브래너
3182,체크 히어로,예지림엔터테인먼트,2019-10-23,장편,기타,221,101176750,13951,애니메이션,전체관람가,독립/예술영화,앤더스 마테센
3184,뷰티풀 보이,(주)이수C&E,2019-09-19,장편,미국,130,110353198,13906,드라마,15세관람가,독립/예술영화,펠릭스 반 그뢰닝엔
3185,보트,(주)스폰지이엔티,2009-05-28,장편,한국,51,94173691,13904,드라마,15세관람가,독립/예술영화,김영남
3187,뜨거운 피: 디 오리지널,(주)스튜디오디에이치엘,2022-05-26,장편,한국,59,111999200,13854,액션,청소년관람불가,일반영화,천명관
3192,헤이츠,(주)나이너스엔터테인먼트,2012-12-06,장편,미국,75,94348000,13747,스릴러,15세관람가,일반영화,마크 톤데라이
3193,웨이 다운,(주)누리픽쳐스,2021-03-11,장편,기타,309,120956030,13743,액션,15세관람가,일반영화,하우메 발라게로
3194,너와 사랑한 시간,오드,2022-11-30,장편,기타,92,94305800,13722,멜로/로맨스,12세관람가,일반영화,황진진
3197,나이팅게일,(주)제이앤씨미디어그룹,2020-12-30,장편,기타,329,112682610,13702,스릴러,청소년관람불가,독립/예술영화,제니퍼 켄트
3204,버티고,(주)트리플픽쳐스,2019-10-16,장편,한국,298,115864340,13567,드라마,15세관람가,독립/예술영화,전계수
3205,해피 홀리데이,(주)스톰픽쳐스코리아,2015-05-14,장편,영국,102,102633800,13529,코미디,12세관람가,독립/예술영화,가이 젠킨
3206,피치 퍼펙트,유니버설픽쳐스인터내셔널 코리아(유),2013-03-28,장편,미국,143,90720000,13520,코미디,15세관람가,일반영화,제이슨 무어
3207,오마주,트윈플러스파트너스(주),2022-05-26,장편,한국,133,102534500,13519,드라마,12세관람가,독립/예술영화,신수원
3208,피막,와이드 릴리즈(주),2014-09-25,장편,기타,170,101978400,13484,코미디,12세관람가,독립/예술영화,반종 피산다나쿤
3212,베스트 오브 미,플러스엠 엔터테인먼트,2015-06-18,장편,미국,118,100915600,13399,드라마,15세관람가,일반영화,마이클 호프만
3213,황금시대,판씨네마(주),2014-10-16,장편,중국,58,98582100,13371,드라마,12세관람가,독립/예술영화,허안화
3215,나이트폴,(주)나이너스엔터테인먼트,2012-09-27,장편,기타,108,99076000,13307,액션,청소년관람불가,일반영화,주현량
3216,봄,필라멘트픽쳐스,2014-11-20,장편,한국,112,98566100,13234,드라마,청소년관람불가,독립/예술영화,조근현
3223,돌아온다,(주)더블앤조이픽쳐스,2017-12-07,장편,한국,58,82977300,13130,드라마,12세관람가,독립/예술영화,허철
3224,블랙버드,(주)영화사 빅,2015-01-28,장편,미국,135,97711400,13130,드라마,15세관람가,독립/예술영화,지나 프린스-바이스우드
3230,더 레이디,(주)씨제이이엔엠,2012-09-06,장편,프랑스,97,96024000,13051,드라마,15세관람가,일반영화,뤽 베송
3232,베네데타,(주)팝엔터테인먼트,2021-12-01,장편,프랑스,157,122446300,13019,드라마,청소년관람불가,독립/예술영화,폴 버호벤
3235,온리 유,(주)영화사 빅,2015-10-15,장편,중국,111,96822200,12990,멜로/로맨스,15세관람가,독립/예술영화,장하오
3240,용순,롯데쇼핑㈜롯데엔터테인먼트,2017-06-08,장편,한국,126,95447200,12901,드라마,15세관람가,독립/예술영화,신준
3241,사랑하고 있습니까,주식회사 블루필름웍스,2020-03-25,장편,한국,295,102673840,12878,판타지,12세관람가,독립/예술영화,김정권
3243,아이 씨 유,(주)홈초이스,2021-03-11,장편,영국,113,118153190,12870,스릴러,15세관람가,독립/예술영화,아담 랜달
3244,할리데이,(주)영화사 빅,2014-10-16,장편,영국,147,94888000,12859,뮤지컬,15세관람가,독립/예술영화,다니아 파스퀴니
3250,로스트 도터,(주)영화특별시에스엠씨,2022-07-14,장편,미국,66,119140200,12761,드라마,15세관람가,독립/예술영화,매기 질렌할
3257,서유기 리턴즈,(주)영화사 조제,2011-02-17,장편,한국,59,80194000,12696,코미디,전체관람가,일반영화,신동엽
3258,시선,(주)나이너스엔터테인먼트,2014-04-16,장편,한국,112,90171000,12694,드라마,12세관람가,독립/예술영화,이장호
3259,리플레이,(주)다자인소프트,2020-12-16,장편,미국,242,103182310,12692,드라마,12세관람가,독립/예술영화,데이비드 하인즈
3262,티탄,(주)영화특별시에스엠씨,2021-12-09,장편,프랑스,92,125658020,12663,드라마,청소년관람불가,독립/예술영화,줄리아 듀코나우
3263,베르테르,CGV ICECON,2021-05-05,장편,한국,68,223809000,12646,뮤지컬,12세관람가,일반영화,조광하
3265,미혹,(주)엔케이컨텐츠,2022-10-19,장편,한국,224,99911491,12620,미스터리,15세관람가,독립/예술영화,김진영
3267,브로큰 시티,(주)팝파트너스,2013-04-04,장편,미국,80,90551000,12557,범죄,15세관람가,일반영화,알렌 휴즈
3268,페어웰,오드,2021-02-04,장편,미국,162,104799900,12555,가족,전체관람가,독립/예술영화,룰루 왕
3269,시인의 사랑,CGV아트하우스,2017-09-14,장편,한국,119,97464900,12547,드라마,15세관람가,독립/예술영화,김양희
3272,더 보이스,(주)제이앤씨미디어그룹,2018-08-29,장편,미국,64,71256000,12487,코미디,청소년관람불가,독립/예술영화,마르잔 사트라피
3277,아직 끝나지 않았다,판씨네마(주),2018-06-21,장편,프랑스,70,101744100,12433,드라마,15세관람가,독립/예술영화,자비에 르그랑
3279,소나기,(주)리틀빅픽쳐스,2017-08-31,장편,한국,151,79482808,12425,애니메이션,전체관람가,독립/예술영화,안재훈
3289,시크릿 가든,(주)이수C&E,2020-08-19,장편,영국,267,101869660,12137,드라마,전체관람가,독립/예술영화,마크 먼든
3292,더 레이서,(주)다자인소프트,2021-02-24,장편,기타,146,99539540,12117,드라마,15세관람가,독립/예술영화,키에론 J 월쉬
3293,타투,와이드 릴리즈(주),2015-12-10,장편,한국,133,99263100,12103,스릴러,청소년관람불가,일반영화,이서
3296,피닉스,M&M 인터내셔널,2021-07-22,장편,독일,54,101760190,12057,드라마,12세관람가,독립/예술영화,크리스티안 펫졸드
3298,낫아웃,(주)케이티알파,2021-06-03,장편,한국,203,91294980,12045,드라마,15세관람가,독립/예술영화,이정곤
3299,랜드 오브 마인,(주)싸이더스,2017-04-06,장편,기타,97,89516900,12026,드라마,15세관람가,독립/예술영화,마틴 잔드블리엣
3302,엘프,(주)박수엔터테인먼트,2021-02-10,장편,독일,228,100001300,11906,애니메이션,전체관람가,일반영화,우테 폰 뮌쇼폴
3304,라스트 레터,(주)스튜디오 산타클로스엔터테인먼트,2021-02-24,장편,일본,160,99599650,11889,멜로/로맨스,전체관람가,독립/예술영화,이와이 지
3307,나이트 헌터,와이드 릴리즈(주),2020-01-29,장편,기타,141,74513100,11849,액션,15세관람가,일반영화,기타
3309,현기증,플러스엠 엔터테인먼트,2014-11-06,장편,한국,71,79449300,11785,가족,청소년관람불가,독립/예술영화,이돈구
3318,"러브, 어게인",(주)이수C&E,2017-11-16,장편,미국,177,89873800,11628,드라마,12세관람가,독립/예술영화,핼리 메이어스-샤이어
3319,피그,판씨네마(주),2022-02-23,장편,미국,113,106769970,11625,드라마,12세관람가,독립/예술영화,기타
3320,트립 투 스페인,아이 엠,2018-05-17,장편,영국,60,91615317,11596,코미디,15세관람가,독립/예술영화,마이클 윈터바텀
3322,디시에르토,(주)제이앤씨미디어그룹,2016-10-05,장편,기타,119,86697500,11568,드라마,15세관람가,독립/예술영화,조나스 쿠아론
3323,그레텔과 헨젤,(주)제이앤씨미디어그룹,2020-07-08,장편,기타,325,101464540,11564,판타지,15세관람가,일반영화,오즈 퍼킨스
3327,더 게스트,(주)스톰픽쳐스코리아,2018-09-12,장편,기타,228,101103647,11517,공포(호러),청소년관람불가,독립/예술영화,미겔 앙헬 비바스
3328,멜리스,(주)드림팩트엔터테인먼트,2016-02-11,장편,한국,141,90914800,11484,공포(호러),15세관람가,독립/예술영화,김용운
3329,슈퍼히어로,(주)영화사 빅,2013-07-31,장편,기타,74,73535000,11469,애니메이션,전체관람가,일반영화,에두와르도 슐츠
3330,실종,(주)디스테이션,2022-06-15,장편,일본,67,105365000,11451,스릴러,청소년관람불가,독립/예술영화,기타
3331,오 루시!,(주)엣나인필름,2018-06-28,장편,미국,114,89905400,11424,멜로/로맨스,15세관람가,독립/예술영화,히라야나기 아츠코
3335,걸후드,(주)영화특별시에스엠씨,2020-11-12,장편,프랑스,175,98925000,11409,드라마,12세관람가,독립/예술영화,셀린 시아마
3339,수상한 이웃,(주)스톰픽쳐스코리아,2019-10-09,장편,한국,182,63401140,11341,코미디,12세관람가,독립/예술영화,이상훈
3341,좋은 사람,(주)싸이더스,2021-09-09,장편,한국,140,86268420,11297,미스터리,12세관람가,독립/예술영화,정욱
3343,스피릿,유니버설픽쳐스인터내셔널 코리아(유),2021-09-15,장편,미국,138,82733300,11236,애니메이션,전체관람가,일반영화,일래인 보겐
3344,라스트 풀 메저,(주)삼백상회,2020-05-20,장편,미국,333,88807180,11223,드라마,15세관람가,독립/예술영화,토드 로빈슨
3347,마일스,(주)영화사 빅,2016-08-10,장편,미국,52,91150500,11164,드라마,청소년관람불가,독립/예술영화,돈 치들
3349,닐스의 모험,에이원엔터테인먼트,2014-02-27,장편,일본,107,77024900,11161,애니메이션,전체관람가,독립/예술영화,오시이 마모루
3352,와즈다,(주)프레인글로벌,2014-06-19,장편,기타,51,79998200,11135,드라마,전체관람가,독립/예술영화,하이파 알-만수르
3361,스파이즈,(주)팝엔터테인먼트,2020-01-15,장편,프랑스,224,81267560,11000,애니메이션,전체관람가,일반영화,기욤 이베르넬
3364,엔드 오브 왓치,(주)인벤트스톤,2012-12-06,장편,미국,54,81214500,10985,범죄,청소년관람불가,일반영화,데이비드 에이어
3365,모어,(주)엣나인필름,2022-06-23,장편,한국,54,93037900,10972,다큐멘터리,15세관람가,독립/예술영화,이일하
3366,디어 마이 프렌드,(주)팝엔터테인먼트,2019-10-09,장편,미국,136,87539100,10969,드라마,12세관람가,독립/예술영화,피터 허칭스
3369,써드 퍼슨 - 감독판,(주)프레인글로벌,2015-05-28,장편,미국,108,87139400,10910,드라마,청소년관람불가,독립/예술영화,폴 해기스
3370,녹턴,(주)시네마달,2022-08-18,장편,한국,54,76761100,10890,다큐멘터리,12세관람가,독립/예술영화,정관조
3371,나의 살던 고향은,(주)시네마달,2016-11-24,장편,한국,62,82362100,10887,다큐멘터리,전체관람가,독립/예술영화,류종헌
3375,라이크 크레이지,(주)팝엔터테인먼트,2018-05-30,장편,미국,116,81549980,10850,드라마,청소년관람불가,독립/예술영화,드레이크 도레무스
3376,잔칫날,(주)트리플픽쳐스,2020-12-02,장편,한국,240,83241060,10809,드라마,12세관람가,독립/예술영화,김록경
3378,더 미드와이프,(주)더블앤조이픽쳐스,2018-03-22,장편,프랑스,90,82443400,10791,드라마,15세관람가,독립/예술영화,마르탱 프로보스트
3380,미스터 존스,(주)디오시네마,2021-01-07,장편,기타,277,94870400,10765,드라마,15세관람가,독립/예술영화,아그네츠카 홀란드
3387,살아남은 아이,CGV아트하우스,2018-08-30,장편,한국,68,89138900,10652,드라마,12세관람가,독립/예술영화,신동석
3388,"사랑해, 매기",와이드 릴리즈(주),2016-07-27,장편,기타,66,79763000,10646,코미디,15세관람가,독립/예술영화,에우헤니오 데르베스
3397,아키라,(주)삼지애니메이션,2017-08-31,장편,일본,71,86224200,10574,애니메이션,15세관람가,독립/예술영화,오토모 가츠히로
3400,어 퍼펙트 데이,(주)마노엔터테인먼트,2017-09-21,장편,기타,76,73150400,10488,드라마,15세관람가,독립/예술영화,페르난도 레온 데 아라노아
3402,멘,판씨네마(주),2022-07-13,장편,미국,96,95589560,10474,드라마,청소년관람불가,독립/예술영화,알렉스 가랜드
3405,세일즈맨,찬란,2017-05-11,장편,기타,55,79149300,10436,드라마,15세관람가,독립/예술영화,아쉬가르 파라디
3406,해피 버스데이,(주)티캐스트,2017-09-28,장편,일본,81,82839300,10408,드라마,전체관람가,독립/예술영화,요시다 야스히로
3410,폴라로이드,(주)이수C&E,2019-06-06,장편,미국,141,89812660,10359,공포(호러),15세관람가,일반영화,라스 클리브버그
3411,레 미제라블,(주)영화사 진진,2021-04-15,장편,프랑스,97,85231340,10342,드라마,15세관람가,독립/예술영화,기타
3412,최선의 삶,(주)엣나인필름,2021-09-01,장편,한국,101,89734280,10341,드라마,15세관람가,독립/예술영화,이우정
3416,도망친 여자,(주)영화제작전원사,2020-09-17,장편,한국,143,86573240,10284,드라마,청소년관람불가,독립/예술영화,홍상수
3426,일대일,(주)김기덕 필름,2014-05-22,장편,한국,53,78745100,10141,드라마,청소년관람불가,독립/예술영화,김기덕
3427,드래프트 데이,(주)영화사 빅,2014-07-10,장편,미국,82,74216200,10119,드라마,12세관람가,일반영화,이반 라이트만
3428,오버 더 펜스,주식회사 씨네룩스,2017-03-16,장편,일본,72,79884850,10103,드라마,15세관람가,독립/예술영화,야마시타 노부히로
3429,나비잠,(주)트리플픽쳐스,2018-09-06,장편,한국,91,85180950,10101,멜로/로맨스,15세관람가,독립/예술영화,정재은
3433,안티고네,그린나래미디어(주),2020-11-19,장편,기타,130,88869360,10060,드라마,15세관람가,독립/예술영화,소피 드라스프
3434,신문기자,(주)팝엔터테인먼트,2019-10-17,장편,일본,128,81471660,10050,드라마,12세관람가,독립/예술영화,후지이 미치히토
3439,집 이야기,CGV아트하우스,2019-11-28,장편,한국,82,67454580,9946,드라마,12세관람가,독립/예술영화,박제범
3441,정글북,(주)팝엔터테인먼트,2017-05-18,장편,기타,120,74842400,9891,애니메이션,전체관람가,독립/예술영화,타파스 차크라바르티
3443,캐릭터,트윈플러스파트너스(주),2022-10-19,장편,일본,126,77245700,9833,스릴러,15세관람가,일반영화,나가이 아키라
3445,풀타임,주식회사 슈아픽처스,2022-08-18,장편,프랑스,59,90929698,9816,드라마,전체관람가,독립/예술영화,기타
3448,재스퍼,(주)시너지하우스 (시너지),2011-08-17,장편,독일,86,65333500,9753,애니메이션,전체관람가,일반영화,에카르트 핑베르크
3450,콰이어트 원,(주)더블앤조이픽쳐스,2014-09-18,장편,영국,69,75213500,9736,공포(호러),15세관람가,독립/예술영화,존 포그
3454,프랑스,M&M 인터내셔널,2022-01-13,장편,프랑스,54,90984190,9650,드라마,12세관람가,독립/예술영화,브루노 뒤몽
3460,위선자들,THE 픽쳐스,2015-11-26,장편,한국,82,65152600,9566,드라마,청소년관람불가,독립/예술영화,김진홍
3463,악셀,(주)팝엔터테인먼트,2018-03-08,장편,중국,121,72824000,9556,판타지,전체관람가,독립/예술영화,레오 리
3465,슈퍼노바,(주)디스테이션,2021-05-12,장편,영국,184,77478240,9540,드라마,15세관람가,독립/예술영화,기타
3467,콜렉션,(주)팝엔터테인먼트,2013-05-02,장편,미국,62,69000552,9518,액션,청소년관람불가,일반영화,마커스 던스탠
3470,아틱,(주)영화특별시에스엠씨,2019-03-27,장편,기타,97,74541010,9503,드라마,12세관람가,독립/예술영화,조 페나
3471,드래곤 프린세스,(주)박수엔터테인먼트,2018-07-05,장편,기타,215,69399700,9501,애니메이션,전체관람가,독립/예술영화,알트욤 루키체프
3473,드림팀,(주)싸이더스,2013-03-21,장편,프랑스,97,68051500,9483,드라마,12세관람가,일반영화,올리비에 다한
3474,한 번도 안 해본 여자,(주)팝엔터테인먼트,2014-01-16,장편,한국,66,71166500,9469,멜로/로맨스,청소년관람불가,일반영화,안철호
3475,갱,(주)삼백상회,2020-01-16,장편,한국,53,15304640,9463,액션,15세관람가,독립/예술영화,조바른
3479,매스,오드,2022-05-18,장편,미국,68,87639300,9421,드라마,12세관람가,독립/예술영화,프란 크랜즈
3488,그림자꽃,(주)엣나인필름,2021-10-27,장편,한국,89,70277170,9326,다큐멘터리,12세관람가,독립/예술영화,이승준
3490,어폴로지,(주)영화사 그램,2017-03-16,장편,기타,55,62987700,9314,다큐멘터리,12세관람가,독립/예술영화,티파니 슝
3494,리지,(주)팝엔터테인먼트,2019-01-10,장편,미국,53,80329800,9203,범죄,청소년관람불가,독립/예술영화,크레이그 맥닐
3496,드래곤 기사단,(주)영화사 빅,2014-05-01,장편,기타,91,64333400,9138,애니메이션,전체관람가,일반영화,리카르도 라몬
3498,러빙,유니버설픽쳐스인터내셔널 코리아(유),2017-03-01,장편,미국,149,69449100,9121,드라마,12세관람가,독립/예술영화,제프 니콜스
3501,슈퍼 레이스,(주)영화사 빅,2020-07-23,장편,기타,209,70348180,9043,애니메이션,전체관람가,독립/예술영화,기타
3508,연애의 기술,(주)팝엔터테인먼트,2013-10-30,장편,한국,63,64882000,8913,멜로/로맨스,청소년관람불가,일반영화,이수성
3521,나의 엔젤,CGV아트하우스,2017-10-12,장편,프랑스,91,65573000,8721,멜로/로맨스,청소년관람불가,독립/예술영화,해리 클레븐
3524,아워 바디,(주)영화사 진진,2019-09-26,장편,한국,52,72336787,8683,드라마,15세관람가,독립/예술영화,한가람
3525,완벽한 가족,(주)제이앤씨미디어그룹,2021-01-06,장편,미국,318,75388460,8683,드라마,15세관람가,독립/예술영화,로저 미첼
3531,지저귀는 새는 날지 않는다,(주)팝엔터테인먼트,2020-07-16,장편,일본,81,77445000,8639,애니메이션,청소년관람불가,독립/예술영화,마키타 카오리
3540,에스코바르,(주)영화사 빅,2018-11-15,장편,기타,99,70510500,8506,범죄,15세관람가,독립/예술영화,페르난도 레온 데 아라노아
3541,내일의 안녕,주식회사 더쿱,2017-08-17,장편,기타,58,60703900,8481,드라마,15세관람가,독립/예술영화,훌리오 메뎀
3544,괴짜들의 로맨스,메가박스중앙(주),2021-11-17,장편,기타,152,53086890,8450,멜로/로맨스,12세관람가,독립/예술영화,기타
3550,고스트 스토리,(주)리틀빅픽쳐스,2017-12-28,장편,미국,57,71052400,8339,판타지,12세관람가,독립/예술영화,데이빗 로워리
3556,타임 투게더,(주)스톰픽쳐스코리아,2017-11-16,장편,기타,134,57206900,8281,드라마,12세관람가,독립/예술영화,마크 윌리엄스
3557,마라,(주)스톰픽쳐스코리아,2018-10-18,장편,미국,144,69448350,8272,공포(호러),12세관람가,독립/예술영화,클라이브 톤지
3560,홈,(주)리틀빅픽쳐스,2018-05-30,장편,한국,123,59594222,8243,가족,전체관람가,독립/예술영화,김종우
3566,애플,(주)다자인소프트,2021-05-26,장편,기타,85,64926580,8166,드라마,12세관람가,독립/예술영화,크리스토스 니코우
3567,더 리치,(주)나이너스엔터테인먼트,2015-07-16,장편,미국,74,62994200,8153,액션,15세관람가,독립/예술영화,진-밥티스트 레오네티
3568,크레센도,(주)티캐스트,2021-06-24,장편,독일,57,66940440,8150,드라마,12세관람가,독립/예술영화,드로르 자하비
3571,딥워터,(주)팝엔터테인먼트,2020-07-09,장편,기타,264,70120260,8139,액션,12세관람가,독립/예술영화,요아힘 헤덴
3572,제3의 사랑,(주)쇼박스,2016-05-19,장편,중국,138,58347400,8108,멜로/로맨스,15세관람가,일반영화,이재한
3573,백트랙,(주)디스테이션,2016-01-21,장편,기타,92,61638600,8078,미스터리,15세관람가,독립/예술영화,마이클 페트로니
3574,비밀의 정원,필름다빈,2021-04-08,장편,한국,159,63459190,8069,드라마,12세관람가,독립/예술영화,박선주
3576,팜 스프링스,(주)디스테이션,2021-08-19,장편,미국,83,69490890,8039,코미디,15세관람가,독립/예술영화,맥스 바버카우
3580,콜럼버스,(주)영화사오원,2018-04-19,장편,미국,55,66577000,7977,드라마,12세관람가,독립/예술영화,코고나다
3581,파이터,㈜인디스토리,2021-03-18,장편,한국,74,56203090,7963,드라마,12세관람가,독립/예술영화,윤재호
3583,빌리 홀리데이,(주)디스테이션,2021-11-04,장편,미국,71,81420130,7941,드라마,청소년관람불가,독립/예술영화,리 다니엘스
3585,데스 위시,주식회사 더쿱,2018-10-11,장편,미국,97,61732250,7915,액션,15세관람가,일반영화,일라이 로스
3587,둠둠,(주)영화사 진진,2022-09-15,장편,한국,74,64874099,7894,드라마,15세관람가,독립/예술영화,정원희
3588,마녀,CGV아트하우스,2014-09-11,장편,한국,61,63500100,7880,공포(호러),청소년관람불가,독립/예술영화,유영선
3590,세버그,예지림엔터테인먼트,2021-11-04,장편,미국,107,77450010,7868,드라마,15세관람가,독립/예술영화,기타
3592,생 로랑,(주)팝엔터테인먼트,2015-04-16,장편,프랑스,51,62730900,7839,드라마,청소년관람불가,독립/예술영화,베르트랑 보넬로
3596,로렐,(주)엣나인필름,2016-07-07,장편,미국,62,58808400,7809,드라마,15세관람가,독립/예술영화,피터 솔레트
3600,북 오브 러브,롯데쇼핑㈜롯데엔터테인먼트,2016-11-30,장편,중국,96,58152000,7763,멜로/로맨스,15세관람가,독립/예술영화,설효로
3602,더 기프트,플러스엠 엔터테인먼트,2015-11-05,장편,기타,116,59383748,7729,미스터리,15세관람가,일반영화,조엘 에저튼
3604,좀비스쿨,(주)박수엔터테인먼트,2014-09-25,장편,한국,54,62432000,7721,공포(호러),청소년관람불가,독립/예술영화,김석정
3609,코멧,(주)지어소프트,2015-03-25,장편,미국,121,57135511,7597,판타지,15세관람가,독립/예술영화,샘 에스마일
3611,마리오네트,(주)이놀미디어,2021-02-17,장편,기타,138,62758000,7548,미스터리,12세관람가,독립/예술영화,앨버트 반 스트리엔
3616,언덕길의 아폴론,(주)디스테이션,2018-08-29,장편,일본,69,61827100,7506,드라마,전체관람가,독립/예술영화,미키 타카히로
3617,나는 행복합니다,(주)영화사 진진,2009-11-26,장편,한국,54,53893717,7505,드라마,15세관람가,독립/예술영화,윤종찬
3618,문맨,(주)스튜디오디에이치엘,2023-01-11,장편,중국,134,58667108,7499,드라마,12세관람가,일반영화,장츠위
3619,애프터: 에버 해피,판씨네마(주),2022-09-21,장편,미국,128,66231200,7499,멜로/로맨스,15세관람가,일반영화,캐스틸 랜던
3621,올드보이,(주)나이너스엔터테인먼트,2014-01-16,장편,미국,109,56281683,7471,액션,청소년관람불가,일반영화,스파이크 리
3622,풀잎들,(주)콘텐츠판다,2018-10-25,장편,한국,54,60320250,7443,드라마,15세관람가,독립/예술영화,홍상수
3624,"사랑하고 사랑받고, 차고 차이고",(주)라이크콘텐츠,2021-04-08,장편,일본,91,69056990,7417,애니메이션,전체관람가,독립/예술영화,기타
3631,종이꽃,(주)스튜디오 보난자,2020-10-22,장편,한국,256,61393310,7324,드라마,12세관람가,독립/예술영화,고훈
3635,뷰티풀 데이즈,(주)콘텐츠판다,2018-11-21,장편,한국,142,54299550,7283,드라마,12세관람가,독립/예술영화,윤재호
3639,에펠,주식회사 블루필름웍스,2022-03-23,장편,프랑스,182,66593890,7209,멜로/로맨스,15세관람가,독립/예술영화,마르탱 부르불롱
3644,매리,(주)영화특별시에스엠씨,2019-12-11,장편,미국,172,41020980,7157,공포(호러),15세관람가,독립/예술영화,마이클 고이
3647,리슨,워터홀컴퍼니(주),2021-12-09,장편,영국,232,61969550,7114,드라마,12세관람가,독립/예술영화,아나 로샤
3650,씨 오브 트리스,(주)영화사오원,2018-05-10,장편,미국,98,58561600,7087,드라마,12세관람가,독립/예술영화,구스 반 산트
3652,만인의 연인,(주)시네마달,2022-12-01,장편,한국,52,56412300,7058,드라마,15세관람가,독립/예술영화,한인미
3657,뉴니스,(주)영화사 진진,2017-11-09,장편,미국,93,55870500,6989,멜로/로맨스,청소년관람불가,독립/예술영화,드레이크 도리머스
3658,헝거,오드,2016-03-17,장편,영국,56,51600100,6927,드라마,청소년관람불가,독립/예술영화,스티브 맥퀸
3659,휴가,㈜인디스토리,2021-10-21,장편,한국,55,50051300,6898,드라마,12세관람가,독립/예술영화,이란희
3662,파커,와이드 릴리즈(주),2014-12-10,장편,미국,54,52015000,6828,범죄,청소년관람불가,일반영화,테일러 핵포드
3665,홈리스,그린나래미디어(주),2022-09-15,장편,한국,86,49834597,6824,드라마,12세관람가,독립/예술영화,임승현
3666,투캅스 인 파리,노바엔터테인먼트,2015-03-26,장편,프랑스,51,34266000,6786,액션,청소년관람불가,일반영화,다비드 샤혼
3669,세이레,트윈플러스파트너스(주),2022-11-24,장편,한국,70,52515083,6742,드라마,15세관람가,독립/예술영화,박강
3673,파이어스톰,(주)인벤트스톤,2014-07-16,장편,중국,82,51336800,6682,액션,청소년관람불가,일반영화,원금린
3674,고양이들의 아파트,(주)엣나인필름,2022-03-17,장편,한국,75,58285970,6646,다큐멘터리,전체관람가,독립/예술영화,정재은
3679,사보타지,(주)나이너스엔터테인먼트,2014-07-23,장편,미국,70,50277100,6591,범죄,청소년관람불가,일반영화,데이비드 에이어
3684,아디오스,(주)이놀미디어,2020-07-22,장편,기타,150,48029220,6526,액션,청소년관람불가,독립/예술영화,파코 카베자스
3686,기적의 피아노,롯데쇼핑㈜롯데엔터테인먼트,2015-09-03,장편,한국,74,46156800,6514,다큐멘터리,전체관람가,독립/예술영화,김은주
3687,웬디,(주)영화사 진진,2021-06-30,장편,미국,79,45993870,6482,드라마,12세관람가,독립/예술영화,벤 제틀린
3688,틴 스피릿,TCO(주)더콘텐츠온,2019-09-04,장편,미국,203,52373790,6480,드라마,12세관람가,독립/예술영화,맥스 밍겔라
3692,클랜,(주)더블앤조이픽쳐스,2016-05-12,장편,기타,58,49283800,6405,범죄,15세관람가,독립/예술영화,파블로 트라페로
3693,앙리 앙리,(주)영화사 빅,2015-10-29,장편,기타,61,50044500,6394,드라마,12세관람가,독립/예술영화,마틴 탈봇
3698,드라이,(주)영화사 진진,2022-03-30,장편,기타,110,53249980,6325,미스터리,15세관람가,독립/예술영화,로버트 코놀리
3699,"우리, 둘",그린나래미디어(주),2021-07-28,장편,프랑스,54,53127040,6319,드라마,12세관람가,독립/예술영화,기타
3706,클라이밍,(주)트리플픽쳐스,2021-06-16,장편,한국,110,40585850,6291,애니메이션,15세관람가,독립/예술영화,김혜미
3708,코알라,어뮤즈,2013-10-24,장편,한국,65,47015000,6287,드라마,15세관람가,독립/예술영화,김주환
3709,체브라시카,브릿지웍스 엔터테인먼트(주),2013-11-14,장편,일본,73,41034500,6261,애니메이션,전체관람가,일반영화,나카무라 마코토
3711,썬더버드,(주)트리플픽쳐스,2022-09-21,장편,한국,99,52757800,6227,드라마,15세관람가,독립/예술영화,이재원
3714,"다시, 벚꽃",(주)영화사 진진,2017-04-06,장편,한국,132,49614500,6199,다큐멘터리,12세관람가,독립/예술영화,유해진
3715,인트로덕션,(주)영화제작전원사,2021-05-27,장편,한국,91,55369270,6185,기타,12세관람가,독립/예술영화,홍상수
3723,리턴 투 센더,(주)디스테이션,2016-03-10,장편,미국,142,47702000,6062,범죄,15세관람가,일반영화,포아드 미카티
3725,플래시백,판씨네마(주),2021-06-10,장편,기타,145,45741340,6044,드라마,15세관람가,독립/예술영화,기타
3730,벨 칸토,(주)누리픽쳐스,2019-09-26,장편,미국,100,29600000,5920,드라마,15세관람가,독립/예술영화,폴 웨이츠
3731,윈체스터,(주)누리픽쳐스,2019-09-19,장편,기타,100,29600000,5920,판타지,12세관람가,독립/예술영화,마이클 스피어리그
3734,아이스,(주)마노엔터테인먼트,2019-02-07,장편,기타,110,46440980,5907,멜로/로맨스,전체관람가,독립/예술영화,올레그 트로핌
3735,액션히어로,(주)트리플픽쳐스,2021-07-21,장편,한국,110,48964700,5904,액션,12세관람가,독립/예술영화,이진호
3736,극장판 울려라! 유포니엄,(주)박수엔터테인먼트,2016-09-01,장편,일본,72,45125000,5899,애니메이션,전체관람가,일반영화,이시하라 타츠야
3737,도어맨,(주)블루라벨픽쳐스,2022-03-16,장편,미국,130,50245300,5888,액션,15세관람가,일반영화,기타무라 류헤이
3740,엔테베 작전,CGV아트하우스,2018-06-07,장편,미국,103,46996200,5874,범죄,12세관람가,독립/예술영화,호세 파딜라
3741,탑,(주)영화제작전원사,2022-11-03,장편,한국,57,55125293,5857,드라마,15세관람가,독립/예술영화,홍상수
3742,마음이 외치고 싶어해,(주)스마일이엔티,2017-12-07,장편,일본,99,43060100,5849,드라마,12세관람가,독립/예술영화,쿠마자와 나오토
3743,몬스터 랜드,와이드 릴리즈(주),2019-05-16,장편,프랑스,197,41733320,5841,애니메이션,전체관람가,독립/예술영화,아르튀르 드 팽
3744,블러드 타이즈,(주)영화사 빅,2014-03-27,장편,프랑스,95,41526500,5828,범죄,청소년관람불가,독립/예술영화,기욤 까네
3750,차일드 인 타임,(주)팝엔터테인먼트,2020-01-09,장편,영국,75,48693920,5744,드라마,15세관람가,독립/예술영화,줄리언 파리노
3759,셀,(주)드림팩트엔터테인먼트,2016-06-29,장편,미국,77,45255600,5617,공포(호러),청소년관람불가,일반영화,토드 윌리엄스
3761,미스 프레지던트,(주)인디플러그,2017-10-26,장편,한국,76,37339500,5605,다큐멘터리,12세관람가,독립/예술영화,김재환
3762,킬링시즌,(주)팝파트너스,2013-09-05,장편,미국,102,37128000,5598,액션,청소년관람불가,일반영화,마크 스티븐 존슨
3767,부력,(주)영화사 그램,2020-06-25,장편,기타,90,46094660,5523,드라마,15세관람가,독립/예술영화,로드 라스젠
3775,온다,(주)트리플픽쳐스,2020-03-26,장편,일본,163,44904840,5456,공포(호러),15세관람가,독립/예술영화,나카시마 테츠야
3783,어웨이크,주식회사 엔픽플,2022-08-24,장편,한국,72,42708198,5367,미스터리,15세관람가,독립/예술영화,이윤호
3786,빛나는,그린나래미디어(주),2017-11-23,장편,일본,53,40173200,5314,멜로/로맨스,12세관람가,독립/예술영화,가와세 나오미
3801,젊은이의 양지,(주)리틀빅픽쳐스,2020-10-28,장편,한국,108,44082770,5199,드라마,15세관람가,독립/예술영화,신수원
3804,커튼콜,(주)모멘텀엔터테인먼트,2016-12-08,장편,한국,80,38228100,5163,코미디,15세관람가,독립/예술영화,류훈
3809,암살교실,(주)에이원엔터테인먼트,2015-08-27,장편,일본,55,40197700,5097,액션,12세관람가,일반영화,하스미 에이이치로
3812,운동회,(주)리틀빅픽쳐스,2018-03-22,장편,한국,81,33945900,5075,가족,12세관람가,독립/예술영화,김진태
3814,후쿠오카,(주)률필름,2020-08-27,장편,한국,101,41546520,5064,드라마,15세관람가,독립/예술영화,장률
3818,사랑이 뭘까,(주)엣나인필름,2020-04-09,장편,일본,132,45020480,5045,멜로/로맨스,15세관람가,독립/예술영화,이마이즈미 리키야
3820,더 체이스,씨너스엔터테인먼트(주),2014-04-10,장편,프랑스,69,32856800,5015,액션,15세관람가,일반영화,프레드 카바예
3821,사일런싱,(주)홈초이스,2021-01-28,장편,미국,89,36651920,5011,공포(호러),15세관람가,일반영화,기타
3823,시빌,(주)영화특별시에스엠씨,2019-11-21,장편,프랑스,54,39123280,4960,드라마,청소년관람불가,독립/예술영화,쥐스틴 트리에
3827,나쁜 녀석들,와이드 릴리즈(주),2015-03-26,장편,기타,59,35561300,4936,범죄,15세관람가,일반영화,줄리어스 에이버리
3828,양치기들,CGV아트하우스,2016-06-02,장편,한국,56,39535300,4934,드라마,청소년관람불가,독립/예술영화,김진황
3831,5 투 7,㈜코리아스크린,2015-11-19,장편,미국,62,37072200,4921,코미디,15세관람가,독립/예술영화,빅터 레빈
3834,이장,㈜인디스토리,2020-03-25,장편,한국,82,38933040,4878,드라마,12세관람가,독립/예술영화,정승오
3836,걸,(주)리틀빅픽쳐스,2021-01-07,장편,독일,239,44184510,4872,드라마,15세관람가,독립/예술영화,루카스 돈트
3837,불량한 가족,(주)스톰픽쳐스코리아,2020-07-09,장편,한국,161,41519940,4872,코미디,12세관람가,독립/예술영화,장재일
3843,카운터스,㈜인디스토리,2018-08-15,장편,한국,51,37673900,4819,다큐멘터리,15세관람가,독립/예술영화,이일하
3845,리벤지,(주)팝엔터테인먼트,2020-05-06,장편,프랑스,143,40284300,4814,액션,청소년관람불가,독립/예술영화,코랄리 파르쟈
3861,팔로우 미,(주)디스테이션,2020-10-22,장편,미국,138,38775300,4715,스릴러,15세관람가,일반영화,기타
3872,프로디지,판씨네마(주),2019-04-04,장편,미국,123,39493020,4592,공포(호러),15세관람가,독립/예술영화,니콜라스 맥카시
3875,트라이앵글,와이드 릴리즈(주),2018-08-29,장편,영국,82,32766850,4558,공포(호러),15세관람가,독립/예술영화,크리스토퍼 스미스
3876,트라이앵글,CJ ENM,2009-11-19,장편,한국,54,34225859,4555,드라마,전체관람가,일반영화,지영수
3877,화이트 노이즈,씨제이 씨지브이(CJ CGV)(주),2022-12-07,장편,미국,62,36305700,4534,코미디,15세관람가,일반영화,노아 바움백
3879,아이를 위한 아이,(주)트리플픽쳐스,2022-07-21,장편,한국,51,38482300,4515,기타,12세관람가,독립/예술영화,이승환
3881,블랙 쉐도우,(주)스톰픽쳐스코리아,2017-07-13,장편,미국,144,33762500,4502,액션,15세관람가,일반영화,아마리아 올슨
3883,아무도 없다,판씨네마(주),2020-09-09,장편,미국,122,38901450,4478,스릴러,15세관람가,독립/예술영화,존 하이암스
3884,튼튼이의 모험,CGV아트하우스,2018-06-21,장편,한국,88,34307600,4476,코미디,15세관람가,독립/예술영화,고봉수
3887,세계일주,(주)나이너스엔터테인먼트,2015-03-26,장편,한국,56,32479400,4449,가족,12세관람가,독립/예술영화,이항배
3888,그녀는 거짓말을 너무 사랑해,(주)영화사 빅,2018-01-24,장편,일본,108,35446200,4448,멜로/로맨스,12세관람가,독립/예술영화,코이즈미 노리히로
3892,나만이 없는 거리,(주)박수엔터테인먼트,2016-08-17,장편,일본,63,33113000,4392,드라마,15세관람가,일반영화,히라카와 유이치로
3896,미스,예지림엔터테인먼트,2021-05-12,장편,프랑스,105,35870730,4365,코미디,15세관람가,독립/예술영화,기타
3897,에베레스트,(주)제이앤씨미디어그룹,2020-07-22,장편,중국,142,36419640,4356,액션,15세관람가,일반영화,이인항
3899,낮과 달,찬란,2022-10-20,장편,한국,52,35517098,4339,드라마,15세관람가,독립/예술영화,이영아
3900,고 피쉬!,(주)박수엔터테인먼트,2020-07-23,장편,미국,138,33952780,4338,애니메이션,전체관람가,일반영화,숀 패트릭 오렐리
3902,인투 더 미러,(주)팝엔터테인먼트,2021-02-17,장편,기타,219,38530340,4306,SF,15세관람가,일반영화,아이작 에즈반
3904,더 바,(주)영화사 그램,2017-06-15,장편,기타,84,32328100,4287,스릴러,15세관람가,독립/예술영화,알렉스 드 라 이글레시아
3905,더 하더 데이 폴,씨제이 씨지브이(CJ CGV)(주),2021-10-20,장편,미국,56,30487300,4286,액션,청소년관람불가,일반영화,기타
3906,미인어,(주)라이크콘텐츠,2017-02-22,장편,중국,69,31631200,4270,판타지,12세관람가,독립/예술영화,주성치
3908,담쟁이,(주)트리플픽쳐스,2020-10-28,장편,한국,93,33705130,4258,가족,15세관람가,독립/예술영화,한제이
3911,카고,와이드 릴리즈(주),2022-09-15,장편,미국,217,38870078,4231,애니메이션,전체관람가,일반영화,제임스 쿨렌 브레삭
3916,와일드 시티,와이드 릴리즈(주),2020-06-17,장편,영국,111,35310180,4168,액션,청소년관람불가,독립/예술영화,론 스캘펠로
3917,드래곤 빌리지,와이드 릴리즈(주),2019-12-12,장편,기타,82,27780900,4163,판타지,전체관람가,일반영화,기타
3921,부산행:익스텐디드,(주)넥스트엔터테인먼트월드(NEW),2020-07-01,장편,한국,88,32808500,4117,액션,15세관람가,일반영화,연상호
3923,페뷸러스,(주)싸이더스,2020-11-05,장편,기타,71,36572280,4109,코미디,15세관람가,독립/예술영화,멜라니 샤르본느
3925,디스트로이어,(주)라이크콘텐츠,2019-09-19,장편,미국,92,33350000,4080,범죄,15세관람가,독립/예술영화,캐린 쿠사마
3929,노크 노크,(주)팝엔터테인먼트,2015-10-22,장편,미국,72,33317500,4024,스릴러,청소년관람불가,일반영화,일라이 로스
3930,로그,(주)스톰픽쳐스코리아,2020-11-25,장편,미국,180,31203140,4012,액션,15세관람가,일반영화,M.J. 버세트
3937,퍼스트 러브,와이드 릴리즈(주),2020-12-17,장편,일본,79,33720500,3883,범죄,청소년관람불가,독립/예술영화,미이케 다카시
3938,첫번째 아이,(주)더쿱디스트리뷰션,2022-11-10,장편,한국,59,35330897,3851,드라마,12세관람가,독립/예술영화,허정재
3939,레이스,(주)영화사 빅,2016-05-25,장편,기타,62,28867900,3849,드라마,12세관람가,독립/예술영화,스티븐 홉킨스
3943,식구,(주)스톰픽쳐스코리아,2018-07-12,장편,한국,52,30175400,3816,드라마,15세관람가,독립/예술영화,임영훈
3944,내가 처음으로 사랑한 소녀,(주)박수엔터테인먼트,2022-04-27,장편,기타,68,32764370,3808,멜로/로맨스,15세관람가,독립/예술영화,기타
3945,워스,(주)홈초이스,2021-07-21,장편,미국,65,34040020,3782,드라마,12세관람가,독립/예술영화,사라 코랑겔로
3949,맨헌트,주식회사 풍경소리,2018-01-25,장편,중국,55,28457500,3738,액션,15세관람가,독립/예술영화,오우삼
3953,퍼미션,(주)에스와이코마드,2019-02-27,장편,미국,53,29192210,3685,코미디,청소년관람불가,독립/예술영화,브라이언 크라노
3955,적도,판씨네마(주),2015-05-28,장편,기타,71,27026500,3679,액션,15세관람가,일반영화,렁록만
3956,소피의 세계,찬란,2022-03-03,장편,한국,84,31288600,3663,드라마,12세관람가,독립/예술영화,이제한
3958,은하철도 999 - 극장판,(주)디스테이션,2022-10-05,장편,일본,56,37895568,3649,애니메이션,12세관람가,독립/예술영화,린 타로
3963,들리나요?,(주)트리플픽쳐스,2020-06-10,장편,한국,103,35911140,3598,다큐멘터리,전체관람가,독립/예술영화,김봉한
3964,퍼펙트 스트레인저,(주)삼백상회,2019-10-24,장편,기타,83,25369280,3583,코미디,15세관람가,독립/예술영화,파올로 제노베스
3966,빛의 아버지: 파이널 판타지 XIV,(주)디스테이션,2021-01-14,장편,일본,98,33411000,3569,드라마,전체관람가,독립/예술영화,노구치 테루오
3967,스노우 화이트,(주)팝엔터테인먼트,2019-10-24,장편,프랑스,77,28614880,3554,드라마,청소년관람불가,독립/예술영화,앤 폰테인
3968,더 시크릿,TCO(주)더콘텐츠온,2021-01-21,장편,영국,72,24078370,3551,스릴러,15세관람가,독립/예술영화,유발 애들러
3976,인헤리턴스,(주)누리픽쳐스,2020-06-25,장편,미국,58,22257000,3434,스릴러,15세관람가,일반영화,기타
3986,비바,(주)팝엔터테인먼트,2016-10-13,장편,기타,71,25521500,3338,드라마,청소년관람불가,독립/예술영화,패디 브레스내치
3987,호프,(주)이놀미디어,2020-12-17,장편,기타,171,27884010,3330,드라마,12세관람가,독립/예술영화,마리아 소달
3989,비행,아이 엠,2020-03-19,장편,한국,128,28441440,3326,드라마,15세관람가,독립/예술영화,조성빈
3991,시라이,(주)디스테이션,2020-07-15,장편,일본,70,28571620,3305,공포(호러),15세관람가,독립/예술영화,기타
3993,맛있는 녀석들,(주)팝엔터테인먼트,2020-07-16,장편,중국,152,26045040,3274,애니메이션,전체관람가,독립/예술영화,순 하이펑
3996,킬 스위치,(주)삼백상회,2020-07-01,장편,미국,51,16260900,3230,SF,15세관람가,일반영화,기타
3998,스웨그,(주)영화사오원,2020-12-10,장편,한국,118,30300660,3214,드라마,15세관람가,독립/예술영화,임성관
3999,큐브,(주)디스테이션,2022-08-24,장편,일본,51,30326998,3210,스릴러,15세관람가,독립/예술영화,기타
4005,와일드 카드,(주)영화사 빅,2015-03-19,장편,미국,69,23712000,3109,범죄,청소년관람불가,일반영화,사이먼 웨스트
4007,샘,롯데컬처웍스(주)롯데엔터테인먼트,2018-11-29,장편,한국,68,24757750,3098,멜로/로맨스,12세관람가,독립/예술영화,황규일
4010,브라더,(주)박수엔터테인먼트,2021-10-07,장편,한국,131,25349450,3049,범죄,15세관람가,일반영화,신근호
4011,리벤져,(주)리틀빅픽쳐스,2018-12-06,장편,한국,57,22088100,3028,액션,15세관람가,일반영화,이승원
4012,4월은 너의 거짓말,(주)팝엔터테인먼트,2022-04-20,장편,일본,109,30639200,3025,멜로/로맨스,전체관람가,일반영화,신조 타케히코
4013,샷 콜러,(주)스톰픽쳐스코리아,2018-05-04,장편,미국,59,20491100,3021,범죄,청소년관람불가,독립/예술영화,릭 로먼 워
4015,태양의 소녀들,(주)이수C&E,2020-10-22,장편,프랑스,103,25580970,2971,드라마,15세관람가,독립/예술영화,에바 허슨
4016,나인스 라이프,(주)라이크콘텐츠,2017-09-07,장편,영국,74,22545500,2964,미스터리,15세관람가,일반영화,알렉산더 아야
4017,공수도,(주)그노스,2020-04-09,장편,한국,79,25089500,2950,액션,15세관람가,일반영화,채여준
4025,썰,(주)스마일이엔티,2021-06-03,장편,한국,104,24994780,2838,코미디,청소년관람불가,독립/예술영화,황승재
4027,바쿠만,(주)디스테이션,2016-04-21,장편,일본,73,22348700,2791,드라마,12세관람가,독립/예술영화,오오네 히토시
4029,쇼콜라,판씨네마(주),2017-03-09,장편,프랑스,52,20408000,2757,드라마,12세관람가,독립/예술영화,로쉬디 젬
4030,십계,(재)CBS,2021-12-02,장편,미국,81,24315040,2752,애니메이션,전체관람가,독립/예술영화,빌 보이스
4034,도미노,(주)영화사 빅,2020-06-11,장편,기타,113,24285360,2730,범죄,15세관람가,독립/예술영화,브라이언 드 팔마
4035,괴물들,(주)리틀빅픽쳐스,2018-03-08,장편,한국,56,22584500,2725,드라마,청소년관람불가,독립/예술영화,김백준
4037,리틀 뱀파이어,(주)디스테이션,2021-12-29,장편,프랑스,116,22761560,2698,애니메이션,전체관람가,일반영화,조안 스파
4038,사랑이 눈뜰 때,(주)이놀미디어,2020-08-26,장편,미국,92,20322070,2695,드라마,12세관람가,독립/예술영화,마이클 메일러
4040,속물들,(주)삼백상회,2019-12-12,장편,한국,95,20122240,2686,드라마,15세관람가,독립/예술영화,신아가
4041,더 요트,(주)블루라벨픽쳐스,2022-10-20,장편,미국,53,19273895,2660,스릴러,15세관람가,일반영화,기타
4044,고양이와 할아버지,(주)디스테이션,2020-04-23,장편,일본,71,21749340,2577,드라마,전체관람가,독립/예술영화,미츠아키 이와고
4046,악몽,(주)스톰픽쳐스코리아,2020-03-12,장편,한국,165,21953720,2553,미스터리,청소년관람불가,독립/예술영화,송정우
4052,인퍼머스,(주)디스테이션,2020-11-11,장편,미국,135,23058650,2499,범죄,청소년관람불가,독립/예술영화,기타
4053,열혈형사,(주)제이앤씨미디어그룹,2020-06-18,장편,한국,121,20539960,2492,코미디,12세관람가,일반영화,윤여창
4055,그리드,와이드 릴리즈(주),2020-10-15,장편,영국,66,21409500,2411,코미디,15세관람가,독립/예술영화,마이클 윈터바텀
4057,제이티 르로이,(주)영화사 빅,2021-01-21,장편,미국,93,18703700,2404,드라마,15세관람가,독립/예술영화,기타
4059,아기와 나,CGV아트하우스,2017-11-23,장편,한국,62,17949800,2356,드라마,15세관람가,독립/예술영화,손태겸
4062,얼론,(주)영화사 안다미로,2020-11-18,장편,미국,189,19474290,2294,액션,15세관람가,독립/예술영화,조니 마틴
4064,마터스,(주)디스테이션,2016-10-20,장편,미국,73,18720500,2287,공포(호러),청소년관람불가,독립/예술영화,마이클 고츠
4070,보이콰이어,THE 픽쳐스,2020-05-14,장편,미국,74,18509080,2220,드라마,전체관람가,독립/예술영화,프랑소아 지라드
4072,첫키스만 50번째,(주)영화사 그램,2020-03-26,장편,일본,117,18336560,2212,코미디,12세관람가,독립/예술영화,후쿠다 유이치
4074,실크 로드,(주)디스테이션,2021-06-09,장편,미국,106,18393710,2196,범죄,15세관람가,일반영화,기타
4078,도리안 그레이,(주)영화사 빅,2013-05-30,장편,영국,53,14780500,2153,드라마,청소년관람불가,일반영화,올리버 파커
4085,뮤지엄,주식회사 더쿱,2017-05-18,장편,일본,65,16312000,2056,범죄,청소년관람불가,독립/예술영화,오오토모 케이시
4088,헬 페스트,(주)삼백상회,2018-12-13,장편,미국,82,16378800,2047,공포(호러),15세관람가,일반영화,그레고리 플로킨
4089,초이스,(주)박수엔터테인먼트,2018-11-08,장편,미국,62,17280100,2046,멜로/로맨스,12세관람가,독립/예술영화,로스 캐츠
4095,땡큐 포 유어 서비스,(주)씨제이이엔엠,2017-12-07,장편,미국,72,14249000,1965,드라마,15세관람가,일반영화,제이슨 홀
4100,행맨,(주)박수엔터테인먼트,2019-01-23,장편,미국,63,14972890,1860,미스터리,15세관람가,일반영화,조니 마틴
4103,키퍼스,(주)이놀미디어,2021-05-12,장편,영국,97,16431340,1784,미스터리,15세관람가,독립/예술영화,기타
4104,모놀리스,이언픽쳐스,2017-04-20,장편,기타,62,13327600,1732,드라마,12세관람가,독립/예술영화,이반 실베스트리니
4109,오버드라이브,(주)영화사오원,2017-12-14,장편,프랑스,62,12853100,1675,액션,15세관람가,독립/예술영화,안토니오 니그렛
4110,히든,(주)박수엔터테인먼트,2022-05-25,장편,한국,51,12574990,1671,액션,15세관람가,일반영화,한종훈
4113,리볼버,(주)제이앤씨미디어그룹,2022-08-18,장편,영국,67,15564500,1597,범죄,15세관람가,독립/예술영화,가이 리치
4115,전야,(주)이놀미디어,2021-06-03,장편,한국,55,13493800,1568,액션,청소년관람불가,일반영화,김상민
4116,분노의 추격자,와이드 릴리즈(주),2022-11-03,장편,미국,85,14473299,1564,액션,15세관람가,일반영화,브라이언 굿맨
4117,맘&대드,(주)박수엔터테인먼트,2018-07-18,장편,미국,52,12272600,1549,공포(호러),15세관람가,독립/예술영화,브라이언 테일러
4121,스푸트닉,(주)제이앤씨미디어그룹,2021-02-04,장편,기타,83,12460640,1492,SF,15세관람가,일반영화,기타
4125,아이 빌리브,(재)CBS,2020-11-05,장편,미국,75,11757600,1433,드라마,전체관람가,일반영화,기타
4126,블랙 사이트,주식회사 블루필름웍스,2022-11-02,장편,기타,96,14120699,1420,액션,15세관람가,일반영화,기타
4131,아웃사이더,(주)영화사오원,2020-04-02,장편,기타,96,11027280,1355,기타,청소년관람불가,독립/예술영화,가한진
4134,하이 스트렁,(주)영화사 진진,2018-01-04,장편,미국,66,9281500,1303,드라마,12세관람가,독립/예술영화,마이클 데미언
4135,어트랙션,(주)이수C&E,2020-09-17,장편,독일,101,10807570,1286,드라마,12세관람가,독립/예술영화,만스 말린드
4136,섀도우 클라우드,(주)제이앤씨미디어그룹,2021-04-22,장편,미국,71,11512140,1282,SF,15세관람가,일반영화,기타
4137,엠티맨,월트디즈니컴퍼니코리아 유한책임회사,2020-11-19,장편,미국,100,11314120,1266,공포(호러),15세관람가,일반영화,기타
4140,앙상블,(주)스톰픽쳐스코리아,2020-11-05,장편,한국,52,10376610,1140,드라마,12세관람가,독립/예술영화,정형석
4143,죽을 때까지,(주)제이앤씨미디어그룹,2021-09-09,장편,미국,53,10685640,1047,스릴러,청소년관람불가,일반영화,기타
4144,체이싱,(주)박수엔터테인먼트,2020-04-23,장편,기타,60,7693060,1005,액션,15세관람가,일반영화,기타
